price_real,price_predicted,date_time
10.02,51.95014953613281,2025-08-16
26.08,51.95014953613281,2025-08-16
77.75,52.806396484375,2025-08-16
79.39,52.22163391113281,2025-08-16
87.59,52.22163391113281,2025-08-16
94.18,52.22163391113281,2025-08-16
90.35,52.22163391113281,2025-08-16
89.3,52.22163391113281,2025-08-16
89.23,53.18669891357422,2025-08-17
83.47,53.18669891357422,2025-08-17
84.64,53.18669891357422,2025-08-17
84.4,53.32870864868164,2025-08-17
85.36,53.32870864868164,2025-08-17
84.97,53.32870864868164,2025-08-17
78.85,54.22140121459961,2025-08-17
75.56,54.22140121459961,2025-08-17
69.28,54.22140121459961,2025-08-17
50.93,54.22140121459961,2025-08-17
25.0,52.596065521240234,2025-08-17
8.95,52.596065521240234,2025-08-17
6.36,52.59967041015625,2025-08-17
5.91,52.59967041015625,2025-08-17
7.68,52.59967041015625,2025-08-17
20.0,52.59967041015625,2025-08-17
17.93,52.59967041015625,2025-08-17
84.94,52.596065521240234,2025-08-17
89.38,52.596065521240234,2025-08-17
94.63,54.22140121459961,2025-08-17
95.78,54.22140121459961,2025-08-17
96.92,54.22140121459961,2025-08-17
98.2,54.22140121459961,2025-08-17
96.73,54.22140121459961,2025-08-17
87.23,54.22140121459961,2025-08-18
84.47,54.22140121459961,2025-08-18
81.77,54.22140121459961,2025-08-18
82.16,54.22140121459961,2025-08-18
85.92,54.22140121459961,2025-08-18
87.97,54.22140121459961,2025-08-18
89.99,54.22140121459961,2025-08-18
92.84,54.22140121459961,2025-08-18
93.61,54.22140121459961,2025-08-18
84.07,54.22140121459961,2025-08-18
83.87,52.753501892089844,2025-08-18
71.98,52.596065521240234,2025-08-18
41.59,52.596065521240234,2025-08-18
25.36,52.59967041015625,2025-08-18
30.04,52.59967041015625,2025-08-18
69.29,52.59967041015625,2025-08-18
76.03,52.59967041015625,2025-08-18
83.27,52.596065521240234,2025-08-18
87.66,52.596065521240234,2025-08-18
129.51,53.32870864868164,2025-08-18
144.73,53.32870864868164,2025-08-18
96.76,53.32870864868164,2025-08-18
89.29,53.32870864868164,2025-08-18
85.93,53.32870864868164,2025-08-18
88.8,53.18669891357422,2025-08-19
82.92,53.18669891357422,2025-08-19
84.51,53.18669891357422,2025-08-19
75.68,53.18669891357422,2025-08-19
75.0,53.18669891357422,2025-08-19
78.69,53.18669891357422,2025-08-19
89.61,53.18669891357422,2025-08-19
98.11,53.18669891357422,2025-08-19
90.0,53.18669891357422,2025-08-19
84.74,53.18669891357422,2025-08-19
74.53,52.13182830810547,2025-08-19
47.72,51.95014953613281,2025-08-19
30.11,52.596065521240234,2025-08-19
27.01,52.59967041015625,2025-08-19
32.61,52.596065521240234,2025-08-19
48.75,52.596065521240234,2025-08-19
69.45,52.596065521240234,2025-08-19
85.0,52.596065521240234,2025-08-19
88.49,54.22140121459961,2025-08-19
92.18,54.22140121459961,2025-08-19
96.92,54.22140121459961,2025-08-19
105.96,54.22140121459961,2025-08-19
98.8,54.22140121459961,2025-08-19
94.14,54.22140121459961,2025-08-19
93.53,54.22140121459961,2025-08-20
83.68,54.22140121459961,2025-08-20
85.24,54.22140121459961,2025-08-20
81.89,54.22140121459961,2025-08-20
80.29,54.22140121459961,2025-08-20
84.04,54.22140121459961,2025-08-20
85.3,54.22140121459961,2025-08-20
95.34,54.22140121459961,2025-08-20
92.28,54.22140121459961,2025-08-20
89.28,54.22140121459961,2025-08-20
89.27,54.22140121459961,2025-08-20
78.04,52.596065521240234,2025-08-20
64.47,52.596065521240234,2025-08-20
58.49,52.596065521240234,2025-08-20
70.76,52.596065521240234,2025-08-20
78.6,52.596065521240234,2025-08-20
87.51,52.596065521240234,2025-08-20
89.29,52.596065521240234,2025-08-20
91.26,52.806396484375,2025-08-20
108.67,53.18669891357422,2025-08-20
100.18,53.18669891357422,2025-08-20
96.21,53.18669891357422,2025-08-20
97.53,53.18669891357422,2025-08-20
93.69,53.18669891357422,2025-08-20
96.66,53.18669891357422,2025-08-21
89.99,53.18669891357422,2025-08-21
85.61,53.18669891357422,2025-08-21
87.44,53.18669891357422,2025-08-21
89.48,53.18669891357422,2025-08-21
89.36,53.18669891357422,2025-08-21
92.92,53.18669891357422,2025-08-21
99.18,53.18669891357422,2025-08-21
103.0,53.18669891357422,2025-08-21
96.54,53.18669891357422,2025-08-21
94.0,52.13182830810547,2025-08-21
84.7,51.95014953613281,2025-08-21
75.73,52.596065521240234,2025-08-21
73.16,52.59967041015625,2025-08-21
60.63,52.596065521240234,2025-08-21
76.62,52.596065521240234,2025-08-21
85.44,52.596065521240234,2025-08-21
86.51,52.596065521240234,2025-08-21
89.05,52.753501892089844,2025-08-21
91.11,53.32870864868164,2025-08-21
90.85,53.32870864868164,2025-08-21
96.55,53.18669891357422,2025-08-21
98.46,53.18669891357422,2025-08-21
94.71,53.18669891357422,2025-08-21
92.98,53.18669891357422,2025-08-22
90.07,53.18669891357422,2025-08-22
85.84,53.18669891357422,2025-08-22
84.99,53.233131408691406,2025-08-22
84.32,53.233131408691406,2025-08-22
90.09,53.233131408691406,2025-08-22
90.28,53.233131408691406,2025-08-22
97.84,53.18669891357422,2025-08-22
103.71,53.18669891357422,2025-08-22
92.91,53.18669891357422,2025-08-22
77.84,52.13182830810547,2025-08-22
45.01,52.13182830810547,2025-08-22
42.12,51.95014953613281,2025-08-22
39.93,51.95014953613281,2025-08-22
39.21,51.95014953613281,2025-08-22
40.39,51.95014953613281,2025-08-22
40.01,51.95014953613281,2025-08-22
74.56,52.13182830810547,2025-08-22
90.05,52.13182830810547,2025-08-22
91.35,53.18669891357422,2025-08-22
92.91,53.18669891357422,2025-08-22
92.28,53.18669891357422,2025-08-22
90.66,53.18669891357422,2025-08-22
92.37,53.18669891357422,2025-08-22
91.57,53.18669891357422,2025-08-23
89.06,53.18669891357422,2025-08-23
87.19,53.18669891357422,2025-08-23
84.69,53.18669891357422,2025-08-23
85.01,53.18669891357422,2025-08-23
85.18,53.18669891357422,2025-08-23
82.28,53.18669891357422,2025-08-23
84.94,53.18669891357422,2025-08-23
88.63,53.18669891357422,2025-08-23
57.09,53.88616180419922,2025-08-23
33.07,52.596065521240234,2025-08-23
5.76,52.596065521240234,2025-08-23
7.48,52.580238342285156,2025-08-23
7.8,51.132930755615234,2025-08-23
9.26,51.132930755615234,2025-08-23
30.32,51.132930755615234,2025-08-23
37.78,52.580238342285156,2025-08-23
75.93,52.596065521240234,2025-08-23
91.57,52.596065521240234,2025-08-23
93.39,53.88616180419922,2025-08-23
99.91,53.88616180419922,2025-08-23
100.0,53.88616180419922,2025-08-23
103.03,53.18669891357422,2025-08-23
98.11,53.18669891357422,2025-08-23
97.29,53.18669891357422,2025-08-24
93.21,53.18669891357422,2025-08-24
91.24,53.18669891357422,2025-08-24
89.37,53.18669891357422,2025-08-24
89.03,53.18669891357422,2025-08-24
85.1,53.18669891357422,2025-08-24
83.32,53.88616180419922,2025-08-24
79.62,53.88616180419922,2025-08-24
55.54,53.88616180419922,2025-08-24
39.48,53.31431198120117,2025-08-24
10.64,53.7951545715332,2025-08-24
6.34,52.596065521240234,2025-08-24
3.25,52.596065521240234,2025-08-24
4.67,51.132930755615234,2025-08-24
8.86,51.132930755615234,2025-08-24
10.03,51.132930755615234,2025-08-24
40.13,52.580238342285156,2025-08-24
59.47,52.596065521240234,2025-08-24
91.04,52.596065521240234,2025-08-24
93.75,53.88616180419922,2025-08-24
97.07,53.88616180419922,2025-08-24
101.24,53.88616180419922,2025-08-24
103.57,53.88616180419922,2025-08-24
97.2,53.88616180419922,2025-08-24
93.68,53.88616180419922,2025-08-25
85.78,53.88616180419922,2025-08-25
81.87,53.88616180419922,2025-08-25
83.24,53.88616180419922,2025-08-25
85.14,53.88616180419922,2025-08-25
94.34,53.88616180419922,2025-08-25
98.5,53.88616180419922,2025-08-25
95.77,53.88616180419922,2025-08-25
93.65,53.88616180419922,2025-08-25
79.89,53.88616180419922,2025-08-25
72.14,53.7951545715332,2025-08-25
68.46,52.596065521240234,2025-08-25
49.71,52.596065521240234,2025-08-25
49.22,51.132930755615234,2025-08-25
50.0,51.132930755615234,2025-08-25
61.64,51.132930755615234,2025-08-25
65.02,52.580238342285156,2025-08-25
85.3,52.596065521240234,2025-08-25
95.68,52.596065521240234,2025-08-25
103.0,53.31431198120117,2025-08-25
160.01,53.31431198120117,2025-08-25
131.61,53.31431198120117,2025-08-25
111.42,53.31431198120117,2025-08-25
101.89,53.31431198120117,2025-08-25
103.15,53.31431198120117,2025-08-26
96.74,53.31431198120117,2025-08-26
94.17,53.31431198120117,2025-08-26
92.04,53.31431198120117,2025-08-26
93.96,53.31431198120117,2025-08-26
96.47,53.31431198120117,2025-08-26
95.35,53.31431198120117,2025-08-26
99.56,53.31431198120117,2025-08-26
95.86,53.31431198120117,2025-08-26
89.05,53.31431198120117,2025-08-26
85.0,53.31431198120117,2025-08-26
82.87,52.596065521240234,2025-08-26
78.27,52.596065521240234,2025-08-26
78.22,52.596065521240234,2025-08-26
78.83,52.596065521240234,2025-08-26
82.76,52.596065521240234,2025-08-26
92.82,52.596065521240234,2025-08-26
96.83,52.596065521240234,2025-08-26
104.03,53.88616180419922,2025-08-26
124.01,53.31431198120117,2025-08-26
162.93,53.31431198120117,2025-08-26
118.71,53.31431198120117,2025-08-26
105.13,53.31431198120117,2025-08-26
95.33,53.31431198120117,2025-08-26
92.01,53.31431198120117,2025-08-27
87.38,53.31431198120117,2025-08-27
84.01,53.31431198120117,2025-08-27
84.72,53.88616180419922,2025-08-27
87.05,53.88616180419922,2025-08-27
91.52,53.88616180419922,2025-08-27
96.7,53.88616180419922,2025-08-27
108.0,53.88616180419922,2025-08-27
105.72,53.88616180419922,2025-08-27
96.74,53.18669891357422,2025-08-27
90.61,53.18669891357422,2025-08-27
84.95,53.18669891357422,2025-08-27
66.44,53.18669891357422,2025-08-27
72.13,53.18669891357422,2025-08-27
81.69,53.18669891357422,2025-08-27
87.35,53.18669891357422,2025-08-27
89.51,53.18669891357422,2025-08-27
97.39,53.18669891357422,2025-08-27
106.02,53.18669891357422,2025-08-27
138.51,53.88616180419922,2025-08-27
190.85,53.88616180419922,2025-08-27
117.38,53.88616180419922,2025-08-27
109.99,53.88616180419922,2025-08-27
100.34,53.88616180419922,2025-08-27
98.46,54.22140121459961,2025-08-28
91.95,54.22140121459961,2025-08-28
91.19,54.22140121459961,2025-08-28
87.27,54.22140121459961,2025-08-28
91.44,54.22140121459961,2025-08-28
96.64,54.22140121459961,2025-08-28
101.33,54.22140121459961,2025-08-28
133.16,54.22140121459961,2025-08-28
139.49,54.22140121459961,2025-08-28
110.27,54.22140121459961,2025-08-28
103.83,54.22140121459961,2025-08-28
104.19,52.753501892089844,2025-08-28
101.31,52.753501892089844,2025-08-28
98.03,52.596065521240234,2025-08-28
97.96,52.596065521240234,2025-08-28
100.49,52.753501892089844,2025-08-28
98.51,52.753501892089844,2025-08-28
100.8,53.32870864868164,2025-08-28
106.47,53.32870864868164,2025-08-28
110.29,53.32870864868164,2025-08-28
111.8,53.32870864868164,2025-08-28
104.16,53.32870864868164,2025-08-28
96.85,53.32870864868164,2025-08-28
91.97,53.32870864868164,2025-08-28
86.32,53.32870864868164,2025-08-29
81.11,53.32870864868164,2025-08-29
80.55,53.18669891357422,2025-08-29
79.4,53.18669891357422,2025-08-29
84.2,53.32870864868164,2025-08-29
90.21,53.32870864868164,2025-08-29
95.91,54.22140121459961,2025-08-29
100.71,54.22140121459961,2025-08-29
100.92,54.22140121459961,2025-08-29
95.44,54.22140121459961,2025-08-29
87.97,54.22140121459961,2025-08-29
91.68,54.22140121459961,2025-08-29
87.23,54.22140121459961,2025-08-29
69.17,52.753501892089844,2025-08-29
75.76,52.596065521240234,2025-08-29
86.63,52.596065521240234,2025-08-29
87.22,52.596065521240234,2025-08-29
91.3,52.596065521240234,2025-08-29
94.24,54.22140121459961,2025-08-29
102.22,54.22140121459961,2025-08-29
102.46,54.22140121459961,2025-08-29
101.33,54.22140121459961,2025-08-29
90.64,54.22140121459961,2025-08-29
87.09,54.22140121459961,2025-08-29
87.96,53.12157440185547,2025-08-30
83.59,53.12157440185547,2025-08-30
81.08,53.12157440185547,2025-08-30
79.61,53.12157440185547,2025-08-30
80.24,53.12157440185547,2025-08-30
82.45,53.12157440185547,2025-08-30
82.72,53.32870864868164,2025-08-30
81.66,53.32870864868164,2025-08-30
80.99,51.85567855834961,2025-08-30
70.38,51.85567855834961,2025-08-30
54.03,51.85567855834961,2025-08-30
13.55,51.85567855834961,2025-08-30
15.86,52.13182830810547,2025-08-30
12.0,52.13182830810547,2025-08-30
14.02,52.13182830810547,2025-08-30
27.22,52.13182830810547,2025-08-30
49.91,52.13182830810547,2025-08-30
69.68,51.85567855834961,2025-08-30
81.85,51.85567855834961,2025-08-30
84.29,51.85567855834961,2025-08-30
89.22,53.32870864868164,2025-08-30
96.98,53.32870864868164,2025-08-30
93.33,53.32870864868164,2025-08-30
83.94,53.32870864868164,2025-08-30
84.55,52.708290100097656,2025-08-31
77.41,52.708290100097656,2025-08-31
66.86,52.708290100097656,2025-08-31
62.31,52.708290100097656,2025-08-31
57.91,52.708290100097656,2025-08-31
56.4,52.796199798583984,2025-08-31
57.07,52.796199798583984,2025-08-31
51.6,52.796199798583984,2025-08-31
21.59,52.796199798583984,2025-08-31
12.59,52.796199798583984,2025-08-31
7.9,52.39393615722656,2025-08-31
10.0,52.39393615722656,2025-08-31
8.0,52.39393615722656,2025-08-31
8.0,52.796199798583984,2025-08-31
11.98,52.796199798583984,2025-08-31
47.55,52.796199798583984,2025-08-31
52.01,52.796199798583984,2025-08-31
76.2,52.796199798583984,2025-08-31
80.55,52.796199798583984,2025-08-31
84.49,52.98686599731445,2025-08-31
96.92,52.98686599731445,2025-08-31
97.02,52.98686599731445,2025-08-31
92.21,52.708290100097656,2025-08-31
83.64,52.708290100097656,2025-08-31
78.13,52.796199798583984,2025-09-01
77.5,52.708290100097656,2025-09-01
75.49,52.708290100097656,2025-09-01
72.02,52.796199798583984,2025-09-01
75.07,52.796199798583984,2025-09-01
79.74,52.796199798583984,2025-09-01
81.34,52.796199798583984,2025-09-01
91.97,52.796199798583984,2025-09-01
91.4,52.796199798583984,2025-09-01
83.94,52.796199798583984,2025-09-01
77.73,52.796199798583984,2025-09-01
76.06,52.796199798583984,2025-09-01
64.52,52.796199798583984,2025-09-01
59.78,52.796199798583984,2025-09-01
66.94,52.796199798583984,2025-09-01
75.38,52.796199798583984,2025-09-01
77.77,52.98686599731445,2025-09-01
83.5,52.98686599731445,2025-09-01
91.79,52.98686599731445,2025-09-01
94.52,53.52208709716797,2025-09-01
93.82,53.52208709716797,2025-09-01
91.55,53.52208709716797,2025-09-01
84.51,52.708290100097656,2025-09-01
81.53,53.12157440185547,2025-09-01
79.03,53.24189758300781,2025-09-02
78.37,53.24189758300781,2025-09-02
78.38,53.24189758300781,2025-09-02
77.71,52.796199798583984,2025-09-02
78.36,52.796199798583984,2025-09-02
78.92,52.796199798583984,2025-09-02
79.19,52.796199798583984,2025-09-02
83.27,52.796199798583984,2025-09-02
94.16,52.796199798583984,2025-09-02
82.23,52.796199798583984,2025-09-02
78.85,52.796199798583984,2025-09-02
78.64,52.796199798583984,2025-09-02
76.3,52.50877380371094,2025-09-02
77.57,52.50877380371094,2025-09-02
78.43,52.806396484375,2025-09-02
79.03,52.50877380371094,2025-09-02
80.87,52.806396484375,2025-09-02
86.79,52.796199798583984,2025-09-02
94.97,52.796199798583984,2025-09-02
96.93,53.24189758300781,2025-09-02
96.91,53.24189758300781,2025-09-02
91.99,53.24189758300781,2025-09-02
84.5,53.24189758300781,2025-09-02
79.84,53.24189758300781,2025-09-02
71.91,53.24189758300781,2025-09-03
71.47,53.24189758300781,2025-09-03
71.14,53.24189758300781,2025-09-03
69.85,53.581459045410156,2025-09-03
68.66,53.581459045410156,2025-09-03
71.87,53.581459045410156,2025-09-03
74.41,53.581459045410156,2025-09-03
78.79,53.581459045410156,2025-09-03
75.0,53.24189758300781,2025-09-03
70.58,53.24189758300781,2025-09-03
53.69,52.796199798583984,2025-09-03
44.55,52.796199798583984,2025-09-03
8.08,52.50877380371094,2025-09-03
6.34,52.50877380371094,2025-09-03
7.76,52.50877380371094,2025-09-03
18.38,52.39393615722656,2025-09-03
49.92,52.39393615722656,2025-09-03
60.0,52.39393615722656,2025-09-03
67.02,52.39393615722656,2025-09-03
71.06,52.39393615722656,2025-09-03
71.9,52.39393615722656,2025-09-03
66.95,52.39393615722656,2025-09-03
61.83,52.39393615722656,2025-09-03
52.61,52.39393615722656,2025-09-03
20.97,52.39393615722656,2025-09-04
14.56,52.39393615722656,2025-09-04
14.43,52.39393615722656,2025-09-04
20.99,52.39393615722656,2025-09-04
16.13,52.39393615722656,2025-09-04
60.45,52.39393615722656,2025-09-04
63.43,52.39393615722656,2025-09-04
73.52,52.39393615722656,2025-09-04
73.1,52.39393615722656,2025-09-04
64.93,52.796199798583984,2025-09-04
48.98,52.796199798583984,2025-09-04
37.74,52.796199798583984,2025-09-04
14.6,52.50877380371094,2025-09-04
35.0,52.50877380371094,2025-09-04
55.42,52.50877380371094,2025-09-04
58.91,52.50877380371094,2025-09-04
71.35,52.50877380371094,2025-09-04
76.4,52.50877380371094,2025-09-04
85.04,52.796199798583984,2025-09-04
85.29,53.24189758300781,2025-09-04
85.25,53.24189758300781,2025-09-04
81.36,53.581459045410156,2025-09-04
77.13,53.581459045410156,2025-09-04
76.23,53.581459045410156,2025-09-04
71.04,53.581459045410156,2025-09-05
70.31,53.581459045410156,2025-09-05
69.93,53.581459045410156,2025-09-05
68.28,53.581459045410156,2025-09-05
68.84,53.24189758300781,2025-09-05
69.45,53.24189758300781,2025-09-05
71.22,53.24189758300781,2025-09-05
72.25,53.24189758300781,2025-09-05
73.25,53.24189758300781,2025-09-05
76.83,53.24189758300781,2025-09-05
75.34,53.24189758300781,2025-09-05
72.71,53.581459045410156,2025-09-05
71.42,53.24189758300781,2025-09-05
67.5,53.581459045410156,2025-09-05
65.92,53.581459045410156,2025-09-05
72.22,53.581459045410156,2025-09-05
76.38,53.581459045410156,2025-09-05
83.89,53.581459045410156,2025-09-05
89.99,53.581459045410156,2025-09-05
100.44,53.581459045410156,2025-09-05
95.44,53.581459045410156,2025-09-05
93.01,53.24189758300781,2025-09-05
84.9,53.24189758300781,2025-09-05
79.37,53.24189758300781,2025-09-05
79.0,53.581459045410156,2025-09-06
79.0,53.581459045410156,2025-09-06
79.0,53.581459045410156,2025-09-06
77.05,53.581459045410156,2025-09-06
76.92,53.581459045410156,2025-09-06
76.67,53.581459045410156,2025-09-06
76.24,53.581459045410156,2025-09-06
72.83,53.581459045410156,2025-09-06
71.95,53.581459045410156,2025-09-06
68.94,53.581459045410156,2025-09-06
45.9,53.581459045410156,2025-09-06
34.75,52.94157028198242,2025-09-06
9.31,52.94157028198242,2025-09-06
8.68,52.94157028198242,2025-09-06
7.32,52.94157028198242,2025-09-06
29.64,52.94157028198242,2025-09-06
44.89,52.94157028198242,2025-09-06
71.64,52.94157028198242,2025-09-06
76.28,53.581459045410156,2025-09-06
84.82,53.581459045410156,2025-09-06
80.37,53.581459045410156,2025-09-06
74.59,53.581459045410156,2025-09-06
72.1,53.581459045410156,2025-09-06
70.31,53.581459045410156,2025-09-06
66.37,53.581459045410156,2025-09-07
58.85,53.581459045410156,2025-09-07
55.83,53.581459045410156,2025-09-07
53.37,53.581459045410156,2025-09-07
55.81,53.581459045410156,2025-09-07
52.12,53.581459045410156,2025-09-07
47.62,53.581459045410156,2025-09-07
41.31,53.581459045410156,2025-09-07
11.62,53.581459045410156,2025-09-07
7.05,53.581459045410156,2025-09-07
9.3,53.581459045410156,2025-09-07
10.0,53.72516632080078,2025-09-07
10.01,52.94157028198242,2025-09-07
-0.37,52.94157028198242,2025-09-07
5.3,52.94157028198242,2025-09-07
10.22,51.41667938232422,2025-09-07
20.68,52.50877380371094,2025-09-07
40.1,52.50877380371094,2025-09-07
65.73,52.796199798583984,2025-09-07
67.76,52.796199798583984,2025-09-07
72.43,52.796199798583984,2025-09-07
75.8,52.796199798583984,2025-09-07
74.38,52.796199798583984,2025-09-07
72.15,52.796199798583984,2025-09-07
69.46,52.796199798583984,2025-09-08
68.12,52.796199798583984,2025-09-08
68.81,52.796199798583984,2025-09-08
68.8,52.796199798583984,2025-09-08
69.63,52.796199798583984,2025-09-08
71.55,52.796199798583984,2025-09-08
70.81,52.796199798583984,2025-09-08
77.78,52.796199798583984,2025-09-08
86.61,52.796199798583984,2025-09-08
84.17,52.796199798583984,2025-09-08
79.28,52.39393615722656,2025-09-08
72.0,52.50877380371094,2025-09-08
63.15,52.50877380371094,2025-09-08
58.84,52.50877380371094,2025-09-08
65.49,52.50877380371094,2025-09-08
73.89,52.50877380371094,2025-09-08
81.0,52.50877380371094,2025-09-08
117.88,52.796199798583984,2025-09-08
181.07,52.796199798583984,2025-09-08
90.34,52.796199798583984,2025-09-08
86.63,52.796199798583984,2025-09-08
86.3,52.796199798583984,2025-09-08
78.52,53.24189758300781,2025-09-08
77.05,53.24189758300781,2025-09-08
76.76,53.581459045410156,2025-09-09
77.31,53.581459045410156,2025-09-09
77.38,53.581459045410156,2025-09-09
78.09,53.581459045410156,2025-09-09
78.45,53.581459045410156,2025-09-09
79.22,53.581459045410156,2025-09-09
85.0,53.581459045410156,2025-09-09
98.41,53.581459045410156,2025-09-09
190.68,53.581459045410156,2025-09-09
118.72,53.581459045410156,2025-09-09
94.8,53.581459045410156,2025-09-09
87.96,53.581459045410156,2025-09-09
84.44,53.581459045410156,2025-09-09
78.78,53.581459045410156,2025-09-09
74.75,53.581459045410156,2025-09-09
73.71,53.581459045410156,2025-09-09
76.12,53.581459045410156,2025-09-09
78.76,53.581459045410156,2025-09-09
85.2,53.581459045410156,2025-09-09
85.21,53.581459045410156,2025-09-09
81.55,53.581459045410156,2025-09-09
79.53,53.581459045410156,2025-09-09
74.38,53.581459045410156,2025-09-09
68.54,53.24189758300781,2025-09-09
69.95,53.24189758300781,2025-09-10
67.26,53.24189758300781,2025-09-10
65.55,53.24189758300781,2025-09-10
64.03,52.796199798583984,2025-09-10
63.17,52.796199798583984,2025-09-10
63.97,52.796199798583984,2025-09-10
67.85,52.796199798583984,2025-09-10
71.57,52.796199798583984,2025-09-10
73.59,52.796199798583984,2025-09-10
70.42,52.39393615722656,2025-09-10
72.05,52.39393615722656,2025-09-10
69.74,52.39393615722656,2025-09-10
69.28,52.796199798583984,2025-09-10
67.25,52.796199798583984,2025-09-10
66.8,52.796199798583984,2025-09-10
67.02,52.39393615722656,2025-09-10
68.19,52.796199798583984,2025-09-10
68.92,52.796199798583984,2025-09-10
69.89,52.796199798583984,2025-09-10
70.3,52.796199798583984,2025-09-10
69.32,52.796199798583984,2025-09-10
69.38,52.796199798583984,2025-09-10
66.84,52.796199798583984,2025-09-10
65.12,52.796199798583984,2025-09-10
65.89,52.796199798583984,2025-09-11
61.25,52.796199798583984,2025-09-11
55.77,52.796199798583984,2025-09-11
45.57,52.796199798583984,2025-09-11
34.03,52.796199798583984,2025-09-11
38.69,52.796199798583984,2025-09-11
49.64,52.796199798583984,2025-09-11
58.35,52.796199798583984,2025-09-11
61.05,52.796199798583984,2025-09-11
58.56,52.796199798583984,2025-09-11
42.77,52.796199798583984,2025-09-11
28.48,52.50877380371094,2025-09-11
10.58,52.50877380371094,2025-09-11
16.63,52.50877380371094,2025-09-11
12.9,52.50877380371094,2025-09-11
21.43,53.24189758300781,2025-09-11
48.55,53.581459045410156,2025-09-11
55.81,53.581459045410156,2025-09-11
68.08,53.581459045410156,2025-09-11
69.99,53.581459045410156,2025-09-11
71.46,53.24189758300781,2025-09-11
68.64,53.24189758300781,2025-09-11
65.97,53.24189758300781,2025-09-11
61.74,53.24189758300781,2025-09-11
53.89,53.24189758300781,2025-09-12
32.52,53.581459045410156,2025-09-12
21.27,53.24189758300781,2025-09-12
14.8,53.24189758300781,2025-09-12
13.75,53.24189758300781,2025-09-12
12.65,53.24189758300781,2025-09-12
28.12,53.24189758300781,2025-09-12
53.55,53.24189758300781,2025-09-12
60.33,53.24189758300781,2025-09-12
43.31,53.24189758300781,2025-09-12
12.17,53.24189758300781,2025-09-12
3.99,52.796199798583984,2025-09-12
3.81,53.24189758300781,2025-09-12
4.15,52.50877380371094,2025-09-12
2.72,52.50877380371094,2025-09-12
3.79,52.50877380371094,2025-09-12
37.72,52.796199798583984,2025-09-12
49.31,52.796199798583984,2025-09-12
65.06,52.796199798583984,2025-09-12
69.36,53.24189758300781,2025-09-12
69.09,53.24189758300781,2025-09-12
68.65,53.24189758300781,2025-09-12
66.7,53.24189758300781,2025-09-12
65.32,53.24189758300781,2025-09-12
63.94,53.24189758300781,2025-09-13
60.12,52.796199798583984,2025-09-13
30.99,53.24189758300781,2025-09-13
18.86,53.24189758300781,2025-09-13
18.96,53.24189758300781,2025-09-13
18.33,52.796199798583984,2025-09-13
20.41,52.796199798583984,2025-09-13
35.36,52.796199798583984,2025-09-13
36.81,52.796199798583984,2025-09-13
35.89,52.796199798583984,2025-09-13
15.58,52.796199798583984,2025-09-13
15.0,52.796199798583984,2025-09-13
7.31,52.796199798583984,2025-09-13
3.42,52.796199798583984,2025-09-13
3.51,52.50877380371094,2025-09-13
19.99,52.50877380371094,2025-09-13
36.61,52.796199798583984,2025-09-13
55.0,52.796199798583984,2025-09-13
65.22,52.796199798583984,2025-09-13
66.67,52.796199798583984,2025-09-13
66.16,52.796199798583984,2025-09-13
65.17,52.796199798583984,2025-09-13
63.3,52.796199798583984,2025-09-13
63.15,52.796199798583984,2025-09-13
63.54,53.24189758300781,2025-09-14
63.22,53.24189758300781,2025-09-14
64.85,53.24189758300781,2025-09-14
65.28,53.581459045410156,2025-09-14
65.46,53.581459045410156,2025-09-14
65.78,53.581459045410156,2025-09-14
65.82,53.581459045410156,2025-09-14
66.22,53.581459045410156,2025-09-14
65.62,53.581459045410156,2025-09-14
63.22,53.581459045410156,2025-09-14
60.64,53.581459045410156,2025-09-14
49.27,53.581459045410156,2025-09-14
24.7,53.581459045410156,2025-09-14
15.01,53.581459045410156,2025-09-14
34.51,53.581459045410156,2025-09-14
57.48,53.72516632080078,2025-09-14
54.24,53.581459045410156,2025-09-14
62.95,53.581459045410156,2025-09-14
66.68,53.581459045410156,2025-09-14
69.65,53.581459045410156,2025-09-14
67.93,53.581459045410156,2025-09-14
64.46,53.581459045410156,2025-09-14
58.51,53.581459045410156,2025-09-14
22.57,53.581459045410156,2025-09-14
15.66,53.581459045410156,2025-09-15
7.93,53.581459045410156,2025-09-15
4.49,53.581459045410156,2025-09-15
3.25,53.24189758300781,2025-09-15
3.2,53.24189758300781,2025-09-15
3.64,52.796199798583984,2025-09-15
13.65,52.796199798583984,2025-09-15
34.61,52.796199798583984,2025-09-15
33.61,52.39393615722656,2025-09-15
13.52,52.39393615722656,2025-09-15
31.57,52.39393615722656,2025-09-15
16.15,52.39393615722656,2025-09-15
5.92,52.39393615722656,2025-09-15
4.67,52.796199798583984,2025-09-15
5.84,52.796199798583984,2025-09-15
15.26,52.796199798583984,2025-09-15
6.68,52.796199798583984,2025-09-15
5.93,52.796199798583984,2025-09-15
14.3,52.796199798583984,2025-09-15
45.79,52.796199798583984,2025-09-15
41.25,53.24189758300781,2025-09-15
5.12,53.24189758300781,2025-09-15
2.99,53.581459045410156,2025-09-15
0.69,53.581459045410156,2025-09-15
9.42,53.24189758300781,2025-09-16
8.16,53.581459045410156,2025-09-16
1.0,53.581459045410156,2025-09-16
0.92,53.581459045410156,2025-09-16
0.96,53.581459045410156,2025-09-16
2.86,53.581459045410156,2025-09-16
4.37,53.581459045410156,2025-09-16
25.51,53.581459045410156,2025-09-16
28.21,53.24189758300781,2025-09-16
18.42,53.24189758300781,2025-09-16
26.12,52.796199798583984,2025-09-16
28.01,52.796199798583984,2025-09-16
26.09,52.50877380371094,2025-09-16
24.33,52.50877380371094,2025-09-16
16.6,52.50877380371094,2025-09-16
20.14,52.50877380371094,2025-09-16
18.11,50.46957778930664,2025-09-16
21.72,52.39393615722656,2025-09-16
60.04,52.39393615722656,2025-09-16
62.28,52.39393615722656,2025-09-16
61.89,52.39393615722656,2025-09-16
61.69,52.796199798583984,2025-09-16
55.14,52.796199798583984,2025-09-16
45.0,52.796199798583984,2025-09-16
52.69,52.39393615722656,2025-09-17
47.95,52.39393615722656,2025-09-17
37.98,52.796199798583984,2025-09-17
35.81,52.796199798583984,2025-09-17
43.98,52.796199798583984,2025-09-17
54.99,52.796199798583984,2025-09-17
62.17,52.796199798583984,2025-09-17
69.2,52.796199798583984,2025-09-17
68.97,52.796199798583984,2025-09-17
64.94,52.796199798583984,2025-09-17
63.46,52.796199798583984,2025-09-17
58.14,52.50877380371094,2025-09-17
45.98,52.50877380371094,2025-09-17
54.98,52.50877380371094,2025-09-17
48.78,51.41667938232422,2025-09-17
57.54,52.50877380371094,2025-09-17
61.5,52.50877380371094,2025-09-17
67.94,52.50877380371094,2025-09-17
75.74,52.796199798583984,2025-09-17
81.54,53.24189758300781,2025-09-17
82.29,53.24189758300781,2025-09-17
82.36,53.24189758300781,2025-09-17
70.18,53.581459045410156,2025-09-17
64.07,53.581459045410156,2025-09-17
62.52,53.581459045410156,2025-09-18
52.72,53.581459045410156,2025-09-18
39.63,53.581459045410156,2025-09-18
33.29,53.581459045410156,2025-09-18
40.08,53.581459045410156,2025-09-18
55.7,53.581459045410156,2025-09-18
62.52,53.24189758300781,2025-09-18
69.95,53.24189758300781,2025-09-18
75.54,52.796199798583984,2025-09-18
69.95,52.796199798583984,2025-09-18
63.44,52.796199798583984,2025-09-18
41.8,52.39393615722656,2025-09-18
13.32,52.50877380371094,2025-09-18
7.76,52.50877380371094,2025-09-18
8.3,50.46957778930664,2025-09-18
20.0,50.46957778930664,2025-09-18
44.39,50.46957778930664,2025-09-18
57.15,52.39393615722656,2025-09-18
64.59,52.39393615722656,2025-09-18
67.16,52.39393615722656,2025-09-18
67.59,52.39393615722656,2025-09-18
62.57,52.39393615722656,2025-09-18
61.89,52.39393615722656,2025-09-18
61.64,52.39393615722656,2025-09-18
59.12,52.39393615722656,2025-09-19
46.84,52.39393615722656,2025-09-19
58.62,52.39393615722656,2025-09-19
59.18,52.39393615722656,2025-09-19
59.12,52.39393615722656,2025-09-19
59.14,52.796199798583984,2025-09-19
59.21,52.796199798583984,2025-09-19
64.56,52.796199798583984,2025-09-19
65.29,53.24189758300781,2025-09-19
62.08,53.24189758300781,2025-09-19
57.93,53.24189758300781,2025-09-19
41.5,53.24189758300781,2025-09-19
35.26,52.796199798583984,2025-09-19
23.5,52.796199798583984,2025-09-19
35.22,52.796199798583984,2025-09-19
37.75,52.796199798583984,2025-09-19
56.74,52.796199798583984,2025-09-19
62.36,52.796199798583984,2025-09-19
64.9,52.796199798583984,2025-09-19
64.55,52.796199798583984,2025-09-19
64.09,52.796199798583984,2025-09-19
64.91,52.39393615722656,2025-09-19
65.06,52.39393615722656,2025-09-19
65.11,52.796199798583984,2025-09-19
68.96,52.796199798583984,2025-09-20
65.98,52.796199798583984,2025-09-20
61.92,52.796199798583984,2025-09-20
61.17,52.796199798583984,2025-09-20
61.93,53.24189758300781,2025-09-20
62.52,53.24189758300781,2025-09-20
64.22,53.24189758300781,2025-09-20
61.96,53.24189758300781,2025-09-20
56.88,53.24189758300781,2025-09-20
38.46,53.581459045410156,2025-09-20
29.99,53.581459045410156,2025-09-20
8.63,53.581459045410156,2025-09-20
2.87,53.581459045410156,2025-09-20
12.74,53.581459045410156,2025-09-20
23.5,53.581459045410156,2025-09-20
31.16,53.581459045410156,2025-09-20
41.93,53.581459045410156,2025-09-20
63.15,53.581459045410156,2025-09-20
66.37,53.581459045410156,2025-09-20
69.96,53.581459045410156,2025-09-20
68.56,53.581459045410156,2025-09-20
65.19,53.581459045410156,2025-09-20
64.27,53.581459045410156,2025-09-20
48.81,53.581459045410156,2025-09-20
7.8,53.581459045410156,2025-09-21
3.61,53.581459045410156,2025-09-21
3.35,53.581459045410156,2025-09-21
1.65,53.581459045410156,2025-09-21
2.02,53.581459045410156,2025-09-21
2.57,53.581459045410156,2025-09-21
3.38,53.581459045410156,2025-09-21
3.72,53.24189758300781,2025-09-21
3.09,53.24189758300781,2025-09-21
1.52,52.796199798583984,2025-09-21
0.95,52.796199798583984,2025-09-21
0.96,52.796199798583984,2025-09-21
0.92,52.50877380371094,2025-09-21
4.65,52.50877380371094,2025-09-21
9.91,52.50877380371094,2025-09-21
30.23,52.50877380371094,2025-09-21
45.61,52.50877380371094,2025-09-21
46.7,52.39393615722656,2025-09-21
62.91,52.39393615722656,2025-09-21
65.25,52.39393615722656,2025-09-21
66.31,52.39393615722656,2025-09-21
66.15,52.39393615722656,2025-09-21
65.52,52.39393615722656,2025-09-21
64.4,52.39393615722656,2025-09-21
65.49,52.39393615722656,2025-09-22
65.1,52.39393615722656,2025-09-22
64.78,52.39393615722656,2025-09-22
65.06,52.39393615722656,2025-09-22
65.45,52.39393615722656,2025-09-22
65.78,52.39393615722656,2025-09-22
69.47,52.39393615722656,2025-09-22
71.28,52.39393615722656,2025-09-22
78.04,52.39393615722656,2025-09-22
72.52,52.39393615722656,2025-09-22
68.28,52.39393615722656,2025-09-22
65.12,52.13182830810547,2025-09-22
64.48,52.13182830810547,2025-09-22
61.93,52.13182830810547,2025-09-22
63.79,52.13182830810547,2025-09-22
65.28,52.13182830810547,2025-09-22
67.25,52.13182830810547,2025-09-22
70.67,52.796199798583984,2025-09-22
83.05,52.796199798583984,2025-09-22
88.37,52.796199798583984,2025-09-22
88.54,52.796199798583984,2025-09-22
83.7,52.796199798583984,2025-09-22
74.98,52.796199798583984,2025-09-22
69.77,52.796199798583984,2025-09-22
82.29,52.796199798583984,2025-09-23
65.33,52.708290100097656,2025-09-23
65.21,52.708290100097656,2025-09-23
65.23,52.708290100097656,2025-09-23
65.13,52.708290100097656,2025-09-23
68.01,52.708290100097656,2025-09-23
77.04,52.708290100097656,2025-09-23
74.46,52.708290100097656,2025-09-23
87.92,52.98686599731445,2025-09-23
84.55,52.98686599731445,2025-09-23
73.84,53.52208709716797,2025-09-23
71.51,52.753501892089844,2025-09-23
68.33,52.294837951660156,2025-09-23
68.05,52.294837951660156,2025-09-23
66.55,52.294837951660156,2025-09-23
69.31,52.294837951660156,2025-09-23
72.48,52.294837951660156,2025-09-23
78.41,53.52208709716797,2025-09-23
92.26,53.52208709716797,2025-09-23
92.41,53.52208709716797,2025-09-23
84.81,53.52208709716797,2025-09-23
75.6,53.12157440185547,2025-09-23
71.92,53.12157440185547,2025-09-23
70.88,53.12157440185547,2025-09-23
70.98,53.12157440185547,2025-09-24
70.24,53.12157440185547,2025-09-24
68.75,53.12157440185547,2025-09-24
68.51,53.12157440185547,2025-09-24
67.73,53.12157440185547,2025-09-24
69.09,53.12157440185547,2025-09-24
76.53,53.12157440185547,2025-09-24
87.52,53.12157440185547,2025-09-24
77.32,53.52208709716797,2025-09-24
68.07,53.52208709716797,2025-09-24
65.57,53.52208709716797,2025-09-24
65.05,53.52208709716797,2025-09-24
64.18,52.596065521240234,2025-09-24
56.59,52.596065521240234,2025-09-24
51.96,52.596065521240234,2025-09-24
62.78,52.596065521240234,2025-09-24
65.04,52.596065521240234,2025-09-24
66.74,53.52208709716797,2025-09-24
72.72,53.52208709716797,2025-09-24
77.65,53.52208709716797,2025-09-24
86.66,53.52208709716797,2025-09-24
75.01,53.12157440185547,2025-09-24
72.74,53.12157440185547,2025-09-24
67.47,53.12157440185547,2025-09-24
68.66,53.12157440185547,2025-09-25
67.44,53.12157440185547,2025-09-25
67.43,53.12157440185547,2025-09-25
68.63,53.12157440185547,2025-09-25
69.72,53.12157440185547,2025-09-25
69.61,53.12157440185547,2025-09-25
79.21,53.12157440185547,2025-09-25
89.82,53.12157440185547,2025-09-25
80.23,53.52208709716797,2025-09-25
71.07,53.52208709716797,2025-09-25
67.64,53.52208709716797,2025-09-25
66.83,53.52208709716797,2025-09-25
65.32,52.596065521240234,2025-09-25
62.05,52.596065521240234,2025-09-25
61.68,52.596065521240234,2025-09-25
65.67,52.596065521240234,2025-09-25
68.88,52.596065521240234,2025-09-25
70.3,53.52208709716797,2025-09-25
72.71,53.52208709716797,2025-09-25
73.82,53.52208709716797,2025-09-25
86.93,53.52208709716797,2025-09-25
82.46,53.12157440185547,2025-09-25
76.93,53.12157440185547,2025-09-25
72.12,53.12157440185547,2025-09-25
71.49,53.12157440185547,2025-09-26
69.41,53.12157440185547,2025-09-26
68.83,53.12157440185547,2025-09-26
68.75,53.12157440185547,2025-09-26
69.24,53.12157440185547,2025-09-26
71.72,53.12157440185547,2025-09-26
74.95,53.12157440185547,2025-09-26
88.22,53.12157440185547,2025-09-26
92.79,53.52208709716797,2025-09-26
106.98,53.52208709716797,2025-09-26
87.02,53.52208709716797,2025-09-26
79.98,53.52208709716797,2025-09-26
75.01,52.596065521240234,2025-09-26
69.5,52.596065521240234,2025-09-26
68.96,52.806396484375,2025-09-26
69.53,52.13182830810547,2025-09-26
72.59,52.13182830810547,2025-09-26
70.0,52.22163391113281,2025-09-26
79.53,52.22163391113281,2025-09-26
85.77,52.22163391113281,2025-09-26
75.28,52.22163391113281,2025-09-26
73.36,52.22163391113281,2025-09-26
71.24,52.22163391113281,2025-09-26
69.59,52.22163391113281,2025-09-26
69.66,53.18669891357422,2025-09-27
68.69,53.18669891357422,2025-09-27
68.94,53.18669891357422,2025-09-27
68.79,53.18669891357422,2025-09-27
67.68,53.18669891357422,2025-09-27
68.35,53.18669891357422,2025-09-27
69.55,53.18669891357422,2025-09-27
73.95,53.18669891357422,2025-09-27
74.32,53.18669891357422,2025-09-27
69.99,53.18669891357422,2025-09-27
65.88,53.18669891357422,2025-09-27
65.17,52.50577926635742,2025-09-27
64.15,52.13182830810547,2025-09-27
58.56,52.13182830810547,2025-09-27
64.56,52.13182830810547,2025-09-27
65.86,52.13182830810547,2025-09-27
68.94,52.13182830810547,2025-09-27
73.1,52.50577926635742,2025-09-27
77.08,52.50577926635742,2025-09-27
75.98,53.18669891357422,2025-09-27
74.75,53.18669891357422,2025-09-27
73.99,53.18669891357422,2025-09-27
74.63,53.18669891357422,2025-09-27
72.0,53.18669891357422,2025-09-27
65.9,53.18669891357422,2025-09-28
66.01,53.18669891357422,2025-09-28
68.73,53.18669891357422,2025-09-28
68.73,53.18669891357422,2025-09-28
65.77,53.18669891357422,2025-09-28
65.77,53.18669891357422,2025-09-28
66.22,53.18669891357422,2025-09-28
69.4,53.18669891357422,2025-09-28
70.4,53.18669891357422,2025-09-28
69.23,53.18669891357422,2025-09-28
65.96,53.18669891357422,2025-09-28
57.35,53.18669891357422,2025-09-28
44.73,53.18669891357422,2025-09-28
41.69,53.18669891357422,2025-09-28
50.1,53.18669891357422,2025-09-28
64.67,53.18669891357422,2025-09-28
68.5,53.18669891357422,2025-09-28
70.29,53.18669891357422,2025-09-28
73.91,53.18669891357422,2025-09-28
76.92,53.18669891357422,2025-09-28
74.2,53.18669891357422,2025-09-28
70.99,53.18669891357422,2025-09-28
67.81,53.18669891357422,2025-09-28
65.58,53.18669891357422,2025-09-28
65.91,53.88616180419922,2025-09-29
65.8,53.88616180419922,2025-09-29
65.67,53.88616180419922,2025-09-29
65.94,53.88616180419922,2025-09-29
66.92,53.88616180419922,2025-09-29
69.44,53.88616180419922,2025-09-29
74.26,53.88616180419922,2025-09-29
75.59,53.18669891357422,2025-09-29
76.59,53.18669891357422,2025-09-29
74.51,53.18669891357422,2025-09-29
74.63,53.18669891357422,2025-09-29
73.14,53.18669891357422,2025-09-29
71.05,53.18669891357422,2025-09-29
70.67,53.18669891357422,2025-09-29
70.95,53.18669891357422,2025-09-29
72.78,53.88616180419922,2025-09-29
80.18,53.88616180419922,2025-09-29
86.56,53.18669891357422,2025-09-29
150.0,53.18669891357422,2025-09-29
175.0,53.18669891357422,2025-09-29
99.69,53.18669891357422,2025-09-29
84.99,53.18669891357422,2025-09-29
73.19,53.18669891357422,2025-09-29
73.9,53.18669891357422,2025-09-29
69.99,53.18669891357422,2025-09-30
68.43,53.18669891357422,2025-09-30
67.69,53.32870864868164,2025-09-30
66.82,53.32870864868164,2025-09-30
65.83,53.32870864868164,2025-09-30
69.72,53.32870864868164,2025-09-30
74.36,53.32870864868164,2025-09-30
84.84,53.18669891357422,2025-09-30
79.98,53.18669891357422,2025-09-30
77.53,53.18669891357422,2025-09-30
70.28,53.18669891357422,2025-09-30
69.97,53.18669891357422,2025-09-30
68.71,53.18669891357422,2025-09-30
68.92,53.18669891357422,2025-09-30
69.18,53.18669891357422,2025-09-30
69.52,53.18669891357422,2025-09-30
71.19,53.18669891357422,2025-09-30
75.6,53.18669891357422,2025-09-30
83.81,53.18669891357422,2025-09-30
88.1,53.18669891357422,2025-09-30
96.6,53.32870864868164,2025-09-30
82.87,53.32870864868164,2025-09-30
72.38,53.32870864868164,2025-09-30
67.62,53.32870864868164,2025-09-30
66.03,53.18669891357422,2025-10-01
64.33,53.32870864868164,2025-10-01
63.52,53.32870864868164,2025-10-01
63.75,53.32870864868164,2025-10-01
63.84,54.22140121459961,2025-10-01
66.24,54.22140121459961,2025-10-01
69.47,54.22140121459961,2025-10-01
81.31,53.32870864868164,2025-10-01
83.66,53.32870864868164,2025-10-01
75.03,53.32870864868164,2025-10-01
69.67,53.18669891357422,2025-10-01
63.82,53.18669891357422,2025-10-01
62.96,53.18669891357422,2025-10-01
63.16,53.18669891357422,2025-10-01
64.38,53.18669891357422,2025-10-01
66.72,53.18669891357422,2025-10-01
68.1,53.18669891357422,2025-10-01
73.84,53.18669891357422,2025-10-01
84.96,53.18669891357422,2025-10-01
81.82,53.18669891357422,2025-10-01
80.34,53.18669891357422,2025-10-01
74.79,53.18669891357422,2025-10-01
70.07,53.18669891357422,2025-10-01
66.68,53.18669891357422,2025-10-01
66.32,53.18669891357422,2025-10-02
66.24,53.18669891357422,2025-10-02
64.04,53.18669891357422,2025-10-02
63.42,53.18669891357422,2025-10-02
64.26,53.18669891357422,2025-10-02
66.83,53.18669891357422,2025-10-02
69.97,53.18669891357422,2025-10-02
77.7,53.18669891357422,2025-10-02
82.07,53.18669891357422,2025-10-02
73.79,53.18669891357422,2025-10-02
71.12,53.18669891357422,2025-10-02
66.79,53.18669891357422,2025-10-02
63.09,53.18669891357422,2025-10-02
58.38,53.18669891357422,2025-10-02
64.14,52.50577926635742,2025-10-02
65.68,52.50577926635742,2025-10-02
66.93,52.50577926635742,2025-10-02
68.4,53.18669891357422,2025-10-02
70.0,53.18669891357422,2025-10-02
72.51,53.18669891357422,2025-10-02
69.41,53.18669891357422,2025-10-02
67.19,53.18669891357422,2025-10-02
63.88,53.18669891357422,2025-10-02
59.43,53.18669891357422,2025-10-02
54.58,52.22163391113281,2025-10-03
51.4,52.50577926635742,2025-10-03
46.37,52.50577926635742,2025-10-03
42.15,52.50577926635742,2025-10-03
48.7,52.50577926635742,2025-10-03
52.59,52.50577926635742,2025-10-03
56.43,52.50577926635742,2025-10-03
64.1,52.50577926635742,2025-10-03
69.84,51.82781982421875,2025-10-03
64.0,51.82781982421875,2025-10-03
55.4,51.82781982421875,2025-10-03
41.74,51.82781982421875,2025-10-03
27.16,51.82781982421875,2025-10-03
21.03,51.82781982421875,2025-10-03
27.84,51.82781982421875,2025-10-03
45.82,51.82781982421875,2025-10-03
54.94,51.82781982421875,2025-10-03
59.14,51.82781982421875,2025-10-03
66.39,51.82781982421875,2025-10-03
63.83,51.82781982421875,2025-10-03
56.96,51.82781982421875,2025-10-03
41.13,51.82781982421875,2025-10-03
22.34,51.82781982421875,2025-10-03
9.14,51.82781982421875,2025-10-03
6.43,53.280113220214844,2025-10-04
12.07,53.280113220214844,2025-10-04
9.27,53.280113220214844,2025-10-04
6.16,53.280113220214844,2025-10-04
4.98,53.280113220214844,2025-10-04
2.73,53.280113220214844,2025-10-04
2.9,53.280113220214844,2025-10-04
2.52,53.280113220214844,2025-10-04
12.27,53.280113220214844,2025-10-04
1.81,53.280113220214844,2025-10-04
1.47,53.280113220214844,2025-10-04
1.76,53.280113220214844,2025-10-04
2.06,53.280113220214844,2025-10-04
1.65,53.280113220214844,2025-10-04
1.42,53.280113220214844,2025-10-04
1.47,53.280113220214844,2025-10-04
1.45,53.280113220214844,2025-10-04
3.14,53.280113220214844,2025-10-04
2.2,53.280113220214844,2025-10-04
6.09,54.24747085571289,2025-10-04
5.34,54.24747085571289,2025-10-04
2.81,54.24747085571289,2025-10-04
2.37,53.50480651855469,2025-10-04
3.26,53.50480651855469,2025-10-04
1.59,52.796199798583984,2025-10-05
-0.06,52.796199798583984,2025-10-05
-0.6,52.796199798583984,2025-10-05
-0.28,52.796199798583984,2025-10-05
-0.55,52.796199798583984,2025-10-05
-0.44,52.39393615722656,2025-10-05
-0.16,52.796199798583984,2025-10-05
0.59,52.796199798583984,2025-10-05
1.95,52.796199798583984,2025-10-05
1.5,52.796199798583984,2025-10-05
2.27,53.24189758300781,2025-10-05
1.64,53.24189758300781,2025-10-05
1.52,53.24189758300781,2025-10-05
1.21,52.796199798583984,2025-10-05
1.96,52.796199798583984,2025-10-05
0.64,52.796199798583984,2025-10-05
-0.02,52.39393615722656,2025-10-05
5.68,52.39393615722656,2025-10-05
16.52,52.39393615722656,2025-10-05
34.43,52.39393615722656,2025-10-05
21.86,52.39393615722656,2025-10-05
5.67,52.39393615722656,2025-10-05
5.37,52.39393615722656,2025-10-05
4.19,52.39393615722656,2025-10-05
23.17,52.796199798583984,2025-10-06
14.28,52.796199798583984,2025-10-06
9.67,52.796199798583984,2025-10-06
11.07,52.796199798583984,2025-10-06
17.23,52.796199798583984,2025-10-06
23.2,52.796199798583984,2025-10-06
58.34,52.796199798583984,2025-10-06
74.0,53.24189758300781,2025-10-06
83.26,53.581459045410156,2025-10-06
81.46,53.581459045410156,2025-10-06
71.94,53.581459045410156,2025-10-06
67.91,53.581459045410156,2025-10-06
65.57,53.581459045410156,2025-10-06
66.76,53.581459045410156,2025-10-06
67.96,53.581459045410156,2025-10-06
70.04,53.581459045410156,2025-10-06
76.77,53.581459045410156,2025-10-06
83.39,53.581459045410156,2025-10-06
99.44,53.581459045410156,2025-10-06
116.52,53.581459045410156,2025-10-06
93.07,53.581459045410156,2025-10-06
82.41,53.581459045410156,2025-10-06
80.19,53.581459045410156,2025-10-06
72.87,53.581459045410156,2025-10-06
69.61,53.581459045410156,2025-10-07
66.6,53.581459045410156,2025-10-07
64.0,53.581459045410156,2025-10-07
63.74,53.581459045410156,2025-10-07
64.82,53.581459045410156,2025-10-07
68.25,53.24189758300781,2025-10-07
84.14,53.24189758300781,2025-10-07
123.11,53.24189758300781,2025-10-07
134.18,52.796199798583984,2025-10-07
80.71,52.796199798583984,2025-10-07
92.38,52.796199798583984,2025-10-07
83.42,52.796199798583984,2025-10-07
78.43,52.796199798583984,2025-10-07
75.16,52.796199798583984,2025-10-07
74.32,52.796199798583984,2025-10-07
77.24,52.796199798583984,2025-10-07
77.04,52.796199798583984,2025-10-07
79.97,52.796199798583984,2025-10-07
79.04,52.796199798583984,2025-10-07
78.84,52.796199798583984,2025-10-07
79.54,52.796199798583984,2025-10-07
77.04,52.796199798583984,2025-10-07
71.76,52.796199798583984,2025-10-07
66.86,52.796199798583984,2025-10-07
65.93,53.24189758300781,2025-10-08
66.64,52.796199798583984,2025-10-08
66.17,52.796199798583984,2025-10-08
65.44,52.796199798583984,2025-10-08
62.64,52.796199798583984,2025-10-08
65.48,52.796199798583984,2025-10-08
70.35,52.796199798583984,2025-10-08
74.61,52.796199798583984,2025-10-08
79.35,52.796199798583984,2025-10-08
73.51,52.796199798583984,2025-10-08
74.29,52.796199798583984,2025-10-08
72.95,52.796199798583984,2025-10-08
69.95,52.50877380371094,2025-10-08
70.64,52.50877380371094,2025-10-08
68.39,52.50877380371094,2025-10-08
69.99,52.50877380371094,2025-10-08
68.58,52.796199798583984,2025-10-08
73.06,52.796199798583984,2025-10-08
76.54,52.796199798583984,2025-10-08
85.15,52.796199798583984,2025-10-08
76.36,52.796199798583984,2025-10-08
71.0,52.796199798583984,2025-10-08
71.39,53.24189758300781,2025-10-08
68.89,53.24189758300781,2025-10-08
69.16,52.796199798583984,2025-10-09
69.09,52.796199798583984,2025-10-09
68.22,52.796199798583984,2025-10-09
66.94,52.796199798583984,2025-10-09
66.16,52.796199798583984,2025-10-09
66.22,52.796199798583984,2025-10-09
71.16,52.39393615722656,2025-10-09
74.64,52.39393615722656,2025-10-09
75.63,52.39393615722656,2025-10-09
72.56,52.39393615722656,2025-10-09
69.28,52.39393615722656,2025-10-09
68.74,52.39393615722656,2025-10-09
69.38,52.39393615722656,2025-10-09
65.5,52.39393615722656,2025-10-09
62.94,52.39393615722656,2025-10-09
61.75,52.39393615722656,2025-10-09
62.28,52.39393615722656,2025-10-09
64.11,52.39393615722656,2025-10-09
65.68,52.39393615722656,2025-10-09
64.81,52.39393615722656,2025-10-09
60.54,52.39393615722656,2025-10-09
54.6,52.39393615722656,2025-10-09
50.13,52.39393615722656,2025-10-09
43.8,52.39393615722656,2025-10-09
37.09,52.39393615722656,2025-10-10
43.86,52.39393615722656,2025-10-10
46.79,52.39393615722656,2025-10-10
43.03,52.39393615722656,2025-10-10
40.38,52.39393615722656,2025-10-10
47.27,52.39393615722656,2025-10-10
62.62,52.39393615722656,2025-10-10
67.85,52.39393615722656,2025-10-10
68.04,52.39393615722656,2025-10-10
66.38,52.39393615722656,2025-10-10
63.14,52.39393615722656,2025-10-10
57.59,52.39393615722656,2025-10-10
55.44,52.39393615722656,2025-10-10
52.54,52.39393615722656,2025-10-10
50.05,52.39393615722656,2025-10-10
50.64,52.39393615722656,2025-10-10
58.94,52.39393615722656,2025-10-10
64.06,52.39393615722656,2025-10-10
64.6,52.39393615722656,2025-10-10
64.92,52.39393615722656,2025-10-10
64.79,52.39393615722656,2025-10-10
64.11,52.39393615722656,2025-10-10
62.25,52.39393615722656,2025-10-10
59.02,52.39393615722656,2025-10-10
61.67,52.39393615722656,2025-10-11
58.36,52.39393615722656,2025-10-11
58.28,52.39393615722656,2025-10-11
57.52,52.39393615722656,2025-10-11
56.44,52.39393615722656,2025-10-11
57.56,52.39393615722656,2025-10-11
63.31,52.39393615722656,2025-10-11
66.71,52.39393615722656,2025-10-11
68.29,52.39393615722656,2025-10-11
67.83,52.796199798583984,2025-10-11
66.87,52.796199798583984,2025-10-11
64.44,52.796199798583984,2025-10-11
54.27,52.796199798583984,2025-10-11
47.18,52.50877380371094,2025-10-11
49.97,52.50877380371094,2025-10-11
65.02,52.796199798583984,2025-10-11
68.38,52.796199798583984,2025-10-11
70.03,52.796199798583984,2025-10-11
71.42,52.796199798583984,2025-10-11
72.12,52.796199798583984,2025-10-11
69.56,52.796199798583984,2025-10-11
69.01,52.796199798583984,2025-10-11
68.1,52.796199798583984,2025-10-11
66.32,52.796199798583984,2025-10-11
68.04,52.796199798583984,2025-10-12
67.89,52.796199798583984,2025-10-12
67.92,52.796199798583984,2025-10-12
67.31,52.796199798583984,2025-10-12
65.92,52.796199798583984,2025-10-12
64.58,52.796199798583984,2025-10-12
64.74,52.796199798583984,2025-10-12
66.8,52.796199798583984,2025-10-12
68.15,52.796199798583984,2025-10-12
68.79,52.796199798583984,2025-10-12
68.66,52.98686599731445,2025-10-12
68.45,52.98686599731445,2025-10-12
64.55,52.98686599731445,2025-10-12
53.3,53.52208709716797,2025-10-12
61.12,53.52208709716797,2025-10-12
68.65,53.52208709716797,2025-10-12
70.21,53.52208709716797,2025-10-12
71.3,53.52208709716797,2025-10-12
73.04,53.52208709716797,2025-10-12
74.7,53.52208709716797,2025-10-12
73.52,53.12157440185547,2025-10-12
70.84,53.12157440185547,2025-10-12
69.29,53.12157440185547,2025-10-12
67.19,53.12157440185547,2025-10-12
69.61,54.22140121459961,2025-10-13
69.57,54.22140121459961,2025-10-13
69.46,54.22140121459961,2025-10-13
70.19,54.22140121459961,2025-10-13
71.62,54.22140121459961,2025-10-13
74.85,54.22140121459961,2025-10-13
76.06,54.22140121459961,2025-10-13
84.24,54.22140121459961,2025-10-13
86.98,54.22140121459961,2025-10-13
79.9,54.22140121459961,2025-10-13
79.96,54.22140121459961,2025-10-13
78.36,54.22140121459961,2025-10-13
76.13,54.22140121459961,2025-10-13
74.96,53.32870864868164,2025-10-13
74.73,53.32870864868164,2025-10-13
75.78,53.32870864868164,2025-10-13
76.45,53.32870864868164,2025-10-13
79.62,53.32870864868164,2025-10-13
82.94,53.32870864868164,2025-10-13
84.04,53.32870864868164,2025-10-13
75.78,53.18669891357422,2025-10-13
74.5,53.18669891357422,2025-10-13
74.56,53.18669891357422,2025-10-13
72.36,53.18669891357422,2025-10-13
73.54,53.32870864868164,2025-10-14
72.34,53.32870864868164,2025-10-14
71.83,53.32870864868164,2025-10-14
72.13,53.32870864868164,2025-10-14
72.2,53.32870864868164,2025-10-14
71.99,53.32870864868164,2025-10-14
74.72,53.32870864868164,2025-10-14
80.72,53.32870864868164,2025-10-14
120.3,53.32870864868164,2025-10-14
102.14,53.32870864868164,2025-10-14
108.48,54.22140121459961,2025-10-14
78.2,54.22140121459961,2025-10-14
80.12,54.22140121459961,2025-10-14
75.67,54.22140121459961,2025-10-14
75.76,52.753501892089844,2025-10-14
78.16,54.22140121459961,2025-10-14
96.56,54.22140121459961,2025-10-14
149.88,54.22140121459961,2025-10-14
231.24,54.22140121459961,2025-10-14
222.66,54.22140121459961,2025-10-14
111.76,54.22140121459961,2025-10-14
77.17,54.22140121459961,2025-10-14
72.66,54.22140121459961,2025-10-14
72.48,54.22140121459961,2025-10-14
69.98,54.22140121459961,2025-10-15
69.8,54.22140121459961,2025-10-15
69.49,54.22140121459961,2025-10-15
69.4,53.32870864868164,2025-10-15
69.24,53.32870864868164,2025-10-15
69.66,53.32870864868164,2025-10-15
70.96,53.32870864868164,2025-10-15
86.18,53.32870864868164,2025-10-15
91.18,53.18669891357422,2025-10-15
76.02,53.18669891357422,2025-10-15
72.3,53.18669891357422,2025-10-15
70.39,53.18669891357422,2025-10-15
70.86,53.18669891357422,2025-10-15
70.0,52.13182830810547,2025-10-15
69.88,52.806396484375,2025-10-15
72.14,52.806396484375,2025-10-15
72.58,53.18669891357422,2025-10-15
73.6,53.18669891357422,2025-10-15
74.62,53.18669891357422,2025-10-15
72.47,53.18669891357422,2025-10-15
72.51,53.18669891357422,2025-10-15
72.8,53.18669891357422,2025-10-15
72.99,53.18669891357422,2025-10-15
71.63,53.18669891357422,2025-10-15
68.57,53.18669891357422,2025-10-16
67.44,53.18669891357422,2025-10-16
67.7,53.18669891357422,2025-10-16
67.06,53.18669891357422,2025-10-16
67.04,53.18669891357422,2025-10-16
66.4,53.18669891357422,2025-10-16
66.14,53.18669891357422,2025-10-16
68.3,53.18669891357422,2025-10-16
70.27,53.18669891357422,2025-10-16
71.62,53.18669891357422,2025-10-16
68.35,53.18669891357422,2025-10-16
68.24,53.18669891357422,2025-10-16
65.97,53.18669891357422,2025-10-16
66.97,52.13182830810547,2025-10-16
66.49,52.13182830810547,2025-10-16
67.54,53.18669891357422,2025-10-16
67.45,53.18669891357422,2025-10-16
68.95,53.18669891357422,2025-10-16
68.86,53.18669891357422,2025-10-16
70.0,53.18669891357422,2025-10-16
69.48,53.18669891357422,2025-10-16
68.58,53.18669891357422,2025-10-16
68.81,53.18669891357422,2025-10-16
68.76,53.18669891357422,2025-10-16
68.52,53.88616180419922,2025-10-17
68.4,53.88616180419922,2025-10-17
68.16,53.88616180419922,2025-10-17
68.45,53.88616180419922,2025-10-17
69.31,53.88616180419922,2025-10-17
69.45,53.88616180419922,2025-10-17
70.08,53.18669891357422,2025-10-17
72.11,53.18669891357422,2025-10-17
73.45,53.18669891357422,2025-10-17
73.6,53.18669891357422,2025-10-17
72.69,53.18669891357422,2025-10-17
73.6,53.18669891357422,2025-10-17
72.62,53.18669891357422,2025-10-17
71.74,52.13182830810547,2025-10-17
70.82,52.13182830810547,2025-10-17
70.6,52.13182830810547,2025-10-17
72.42,53.18669891357422,2025-10-17
72.87,53.88616180419922,2025-10-17
73.6,53.88616180419922,2025-10-17
71.74,54.22140121459961,2025-10-17
70.6,54.22140121459961,2025-10-17
70.74,54.22140121459961,2025-10-17
71.54,54.22140121459961,2025-10-17
70.67,54.22140121459961,2025-10-17
71.9,54.22140121459961,2025-10-18
71.92,54.22140121459961,2025-10-18
71.72,54.22140121459961,2025-10-18
71.67,54.22140121459961,2025-10-18
71.49,54.22140121459961,2025-10-18
71.86,54.22140121459961,2025-10-18
73.82,54.22140121459961,2025-10-18
75.14,54.22140121459961,2025-10-18
75.89,54.22140121459961,2025-10-18
75.53,54.22140121459961,2025-10-18
76.56,54.22140121459961,2025-10-18
74.61,53.88616180419922,2025-10-18
71.1,53.88616180419922,2025-10-18
66.01,53.88616180419922,2025-10-18
69.58,53.88616180419922,2025-10-18
73.28,53.88616180419922,2025-10-18
75.33,53.88616180419922,2025-10-18
77.14,53.88616180419922,2025-10-18
78.43,53.88616180419922,2025-10-18
79.08,54.22140121459961,2025-10-18
78.75,54.22140121459961,2025-10-18
80.01,54.22140121459961,2025-10-18
74.84,54.22140121459961,2025-10-18
71.97,54.22140121459961,2025-10-18
70.86,53.31431198120117,2025-10-19
67.81,53.31431198120117,2025-10-19
67.05,53.31431198120117,2025-10-19
66.72,53.31431198120117,2025-10-19
67.62,53.31431198120117,2025-10-19
67.17,53.31431198120117,2025-10-19
66.6,53.31431198120117,2025-10-19
66.82,53.31431198120117,2025-10-19
67.61,53.31431198120117,2025-10-19
68.55,53.31431198120117,2025-10-19
64.29,53.31431198120117,2025-10-19
57.52,53.31431198120117,2025-10-19
41.32,53.31431198120117,2025-10-19
32.28,53.31431198120117,2025-10-19
46.66,53.88616180419922,2025-10-19
60.59,53.88616180419922,2025-10-19
65.47,53.88616180419922,2025-10-19
69.37,53.18669891357422,2025-10-19
70.46,53.18669891357422,2025-10-19
68.94,53.18669891357422,2025-10-19
67.6,53.18669891357422,2025-10-19
65.07,53.18669891357422,2025-10-19
62.75,53.18669891357422,2025-10-19
56.59,53.18669891357422,2025-10-19
57.64,53.18669891357422,2025-10-20
55.43,53.18669891357422,2025-10-20
54.1,53.18669891357422,2025-10-20
52.68,53.18669891357422,2025-10-20
54.24,53.18669891357422,2025-10-20
57.91,53.18669891357422,2025-10-20
60.54,53.233131408691406,2025-10-20
69.0,53.233131408691406,2025-10-20
78.78,53.233131408691406,2025-10-20
72.84,53.233131408691406,2025-10-20
65.71,53.233131408691406,2025-10-20
61.56,53.233131408691406,2025-10-20
58.41,53.233131408691406,2025-10-20
59.58,53.233131408691406,2025-10-20
63.04,53.233131408691406,2025-10-20
67.2,53.233131408691406,2025-10-20
69.18,53.233131408691406,2025-10-20
71.43,53.233131408691406,2025-10-20
72.34,53.233131408691406,2025-10-20
69.48,53.233131408691406,2025-10-20
65.08,53.18669891357422,2025-10-20
61.16,53.18669891357422,2025-10-20
58.98,53.18669891357422,2025-10-20
52.28,53.18669891357422,2025-10-20
52.2,53.18669891357422,2025-10-21
44.79,53.18669891357422,2025-10-21
33.27,53.18669891357422,2025-10-21
22.87,53.18669891357422,2025-10-21
28.01,53.18669891357422,2025-10-21
51.64,53.18669891357422,2025-10-21
60.32,53.18669891357422,2025-10-21
69.44,53.18669891357422,2025-10-21
71.0,53.18669891357422,2025-10-21
69.23,53.18669891357422,2025-10-21
65.85,53.18669891357422,2025-10-21
61.46,53.18669891357422,2025-10-21
53.88,53.18669891357422,2025-10-21
43.24,53.18669891357422,2025-10-21
39.98,53.18669891357422,2025-10-21
59.62,53.18669891357422,2025-10-21
64.04,53.18669891357422,2025-10-21
68.44,53.18669891357422,2025-10-21
70.76,53.18669891357422,2025-10-21
68.89,53.18669891357422,2025-10-21
65.83,53.18669891357422,2025-10-21
63.61,53.32870864868164,2025-10-21
62.64,53.32870864868164,2025-10-21
62.05,54.22140121459961,2025-10-21
56.43,53.12157440185547,2025-10-22
55.04,53.12157440185547,2025-10-22
55.56,53.12157440185547,2025-10-22
56.86,53.12157440185547,2025-10-22
58.83,53.12157440185547,2025-10-22
59.66,53.12157440185547,2025-10-22
67.48,53.12157440185547,2025-10-22
70.62,53.12157440185547,2025-10-22
72.04,53.12157440185547,2025-10-22
72.87,53.52208709716797,2025-10-22
71.6,53.52208709716797,2025-10-22
71.47,53.52208709716797,2025-10-22
71.41,53.52208709716797,2025-10-22
72.97,53.52208709716797,2025-10-22
74.57,53.52208709716797,2025-10-22
73.14,53.52208709716797,2025-10-22
75.2,53.52208709716797,2025-10-22
77.75,53.52208709716797,2025-10-22
79.54,53.52208709716797,2025-10-22
78.45,53.52208709716797,2025-10-22
75.39,53.12157440185547,2025-10-22
73.8,53.12157440185547,2025-10-22
72.32,53.12157440185547,2025-10-22
71.13,53.12157440185547,2025-10-22
73.5,53.12157440185547,2025-10-23
72.9,53.12157440185547,2025-10-23
71.63,53.12157440185547,2025-10-23
68.83,53.12157440185547,2025-10-23
67.58,53.12157440185547,2025-10-23
65.12,53.12157440185547,2025-10-23
69.69,53.12157440185547,2025-10-23
79.22,53.12157440185547,2025-10-23
87.11,53.12157440185547,2025-10-23
81.16,53.52208709716797,2025-10-23
75.5,53.52208709716797,2025-10-23
67.27,52.98686599731445,2025-10-23
64.24,52.796199798583984,2025-10-23
63.71,52.796199798583984,2025-10-23
62.61,52.796199798583984,2025-10-23
69.95,52.796199798583984,2025-10-23
71.18,52.39393615722656,2025-10-23
73.28,52.39393615722656,2025-10-23
73.19,52.39393615722656,2025-10-23
71.85,52.39393615722656,2025-10-23
72.58,52.39393615722656,2025-10-23
72.0,52.39393615722656,2025-10-23
69.02,52.39393615722656,2025-10-23
58.82,52.39393615722656,2025-10-23
22.56,52.39393615722656,2025-10-24
15.3,52.39393615722656,2025-10-24
9.3,52.39393615722656,2025-10-24
5.76,52.39393615722656,2025-10-24
5.12,52.39393615722656,2025-10-24
9.56,52.39393615722656,2025-10-24
27.08,52.39393615722656,2025-10-24
59.46,52.39393615722656,2025-10-24
74.32,52.796199798583984,2025-10-24
69.8,52.796199798583984,2025-10-24
55.75,52.796199798583984,2025-10-24
41.22,52.796199798583984,2025-10-24
39.96,52.796199798583984,2025-10-24
33.13,52.796199798583984,2025-10-24
30.14,52.796199798583984,2025-10-24
33.74,52.796199798583984,2025-10-24
47.07,52.796199798583984,2025-10-24
59.82,52.796199798583984,2025-10-24
69.44,52.796199798583984,2025-10-24
68.0,52.708290100097656,2025-10-24
58.28,52.708290100097656,2025-10-24
45.74,52.708290100097656,2025-10-24
29.62,52.708290100097656,2025-10-24
10.76,53.12157440185547,2025-10-24
4.44,53.581459045410156,2025-10-25
18.04,53.581459045410156,2025-10-25
12.13,53.581459045410156,2025-10-25
4.52,53.581459045410156,2025-10-25
4.51,53.581459045410156,2025-10-25
3.7,53.581459045410156,2025-10-25
5.67,53.581459045410156,2025-10-25
15.32,53.581459045410156,2025-10-25
19.37,53.581459045410156,2025-10-25
22.92,53.581459045410156,2025-10-25
21.03,53.24189758300781,2025-10-25
13.62,53.24189758300781,2025-10-25
6.68,53.581459045410156,2025-10-25
9.54,53.24189758300781,2025-10-25
18.03,53.24189758300781,2025-10-25
23.69,53.24189758300781,2025-10-25
25.51,53.24189758300781,2025-10-25
36.17,53.24189758300781,2025-10-25
56.39,52.796199798583984,2025-10-25
60.71,52.796199798583984,2025-10-25
47.11,52.796199798583984,2025-10-25
42.58,52.796199798583984,2025-10-25
29.54,52.796199798583984,2025-10-25
8.74,52.796199798583984,2025-10-25
0.53,52.796199798583984,2025-10-26
4.03,52.796199798583984,2025-10-26
3.75,52.796199798583984,2025-10-26
1.76,52.796199798583984,2025-10-26
1.39,52.796199798583984,2025-10-26
1.61,52.796199798583984,2025-10-26
4.45,53.24189758300781,2025-10-26
11.3,53.24189758300781,2025-10-26
16.81,53.24189758300781,2025-10-26
16.64,53.581459045410156,2025-10-26
19.61,53.581459045410156,2025-10-26
20.05,53.581459045410156,2025-10-26
23.62,53.581459045410156,2025-10-26
18.39,53.581459045410156,2025-10-26
26.19,53.581459045410156,2025-10-26
38.4,53.581459045410156,2025-10-26
50.74,53.581459045410156,2025-10-26
48.42,53.581459045410156,2025-10-26
45.27,53.581459045410156,2025-10-26
43.42,53.581459045410156,2025-10-26
33.8,53.581459045410156,2025-10-26
30.18,53.581459045410156,2025-10-26
23.8,53.581459045410156,2025-10-26
25.0,53.581459045410156,2025-10-27
15.74,53.581459045410156,2025-10-27
16.04,53.581459045410156,2025-10-27
17.48,53.24189758300781,2025-10-27
15.75,53.24189758300781,2025-10-27
26.01,53.581459045410156,2025-10-27
54.62,53.581459045410156,2025-10-27
69.81,53.581459045410156,2025-10-27
76.54,53.581459045410156,2025-10-27
78.69,53.581459045410156,2025-10-27
81.96,53.581459045410156,2025-10-27
80.74,53.581459045410156,2025-10-27
74.34,53.581459045410156,2025-10-27
72.18,53.581459045410156,2025-10-27
72.11,53.581459045410156,2025-10-27
73.54,53.581459045410156,2025-10-27
79.3,53.581459045410156,2025-10-27
76.2,53.581459045410156,2025-10-27
80.02,53.24189758300781,2025-10-27
76.61,53.24189758300781,2025-10-27
73.96,53.24189758300781,2025-10-27
71.7,52.796199798583984,2025-10-27
69.24,52.796199798583984,2025-10-27
60.83,53.24189758300781,2025-10-27
50.27,52.796199798583984,2025-10-28
33.06,52.796199798583984,2025-10-28
31.99,52.796199798583984,2025-10-28
14.86,52.796199798583984,2025-10-28
11.22,52.796199798583984,2025-10-28
30.85,52.796199798583984,2025-10-28
59.2,52.796199798583984,2025-10-28
72.56,53.24189758300781,2025-10-28
76.71,53.24189758300781,2025-10-28
77.44,53.24189758300781,2025-10-28
75.14,53.24189758300781,2025-10-28
72.19,53.24189758300781,2025-10-28
65.35,53.24189758300781,2025-10-28
60.46,53.24189758300781,2025-10-28
63.49,53.24189758300781,2025-10-28
70.79,53.24189758300781,2025-10-28
76.44,53.24189758300781,2025-10-28
84.67,53.581459045410156,2025-10-28
89.5,53.581459045410156,2025-10-28
86.76,53.581459045410156,2025-10-28
78.29,53.581459045410156,2025-10-28
75.1,53.581459045410156,2025-10-28
74.42,53.581459045410156,2025-10-28
70.91,53.581459045410156,2025-10-28
59.32,53.12157440185547,2025-10-29
54.61,53.12157440185547,2025-10-29
54.32,53.12157440185547,2025-10-29
54.57,53.12157440185547,2025-10-29
52.92,53.12157440185547,2025-10-29
62.95,53.12157440185547,2025-10-29
72.86,53.12157440185547,2025-10-29
82.19,53.12157440185547,2025-10-29
80.93,53.52208709716797,2025-10-29
78.69,53.52208709716797,2025-10-29
69.83,53.52208709716797,2025-10-29
68.09,53.52208709716797,2025-10-29
68.97,53.52208709716797,2025-10-29
72.65,53.52208709716797,2025-10-29
76.93,53.52208709716797,2025-10-29
78.69,53.52208709716797,2025-10-29
81.02,53.52208709716797,2025-10-29
85.3,53.52208709716797,2025-10-29
83.27,53.12157440185547,2025-10-29
89.74,53.12157440185547,2025-10-29
83.83,53.12157440185547,2025-10-29
80.2,53.12157440185547,2025-10-29
77.25,53.12157440185547,2025-10-29
72.98,53.12157440185547,2025-10-29
66.6,53.12157440185547,2025-10-30
65.36,53.12157440185547,2025-10-30
63.4,53.12157440185547,2025-10-30
58.72,53.12157440185547,2025-10-30
55.22,53.12157440185547,2025-10-30
58.18,53.12157440185547,2025-10-30
66.01,53.12157440185547,2025-10-30
73.79,53.12157440185547,2025-10-30
77.26,53.52208709716797,2025-10-30
65.73,53.52208709716797,2025-10-30
58.43,53.52208709716797,2025-10-30
49.68,53.52208709716797,2025-10-30
45.1,53.52208709716797,2025-10-30
44.86,53.52208709716797,2025-10-30
52.36,53.52208709716797,2025-10-30
63.64,52.98686599731445,2025-10-30
68.54,52.98686599731445,2025-10-30
78.04,53.52208709716797,2025-10-30
80.74,53.12157440185547,2025-10-30
77.06,53.12157440185547,2025-10-30
70.23,53.12157440185547,2025-10-30
67.19,53.12157440185547,2025-10-30
66.22,53.12157440185547,2025-10-30
64.25,53.12157440185547,2025-10-30
64.93,53.12157440185547,2025-10-31
63.46,53.12157440185547,2025-10-31
62.52,53.12157440185547,2025-10-31
61.98,53.12157440185547,2025-10-31
61.3,53.12157440185547,2025-10-31
61.11,53.12157440185547,2025-10-31
65.27,52.708290100097656,2025-10-31
67.51,52.708290100097656,2025-10-31
68.01,52.796199798583984,2025-10-31
67.56,52.796199798583984,2025-10-31
67.55,52.796199798583984,2025-10-31
67.93,52.796199798583984,2025-10-31
67.02,52.796199798583984,2025-10-31
67.1,52.796199798583984,2025-10-31
67.42,52.796199798583984,2025-10-31
67.68,52.796199798583984,2025-10-31
66.97,52.796199798583984,2025-10-31
66.62,52.796199798583984,2025-10-31
66.45,52.796199798583984,2025-10-31
66.03,52.796199798583984,2025-10-31
65.11,52.39393615722656,2025-10-31
64.08,52.39393615722656,2025-10-31
62.41,52.39393615722656,2025-10-31
55.05,52.39393615722656,2025-10-31
50.32,52.50577926635742,2025-11-01
33.17,52.50577926635742,2025-11-01
22.7,52.50577926635742,2025-11-01
18.9,52.50577926635742,2025-11-01
15.29,52.50577926635742,2025-11-01
12.54,52.50577926635742,2025-11-01
11.46,52.50577926635742,2025-11-01
17.59,52.50577926635742,2025-11-01
31.12,52.50577926635742,2025-11-01
28.03,52.50577926635742,2025-11-01
19.18,52.50577926635742,2025-11-01
17.73,52.50577926635742,2025-11-01
26.92,51.82781982421875,2025-11-01
32.16,51.82781982421875,2025-11-01
50.13,51.82781982421875,2025-11-01
56.33,52.50577926635742,2025-11-01
63.11,52.50577926635742,2025-11-01
65.55,52.50577926635742,2025-11-01
65.75,52.50577926635742,2025-11-01
65.46,54.24747085571289,2025-11-01
64.59,54.24747085571289,2025-11-01
64.05,54.24747085571289,2025-11-01
64.54,53.50480651855469,2025-11-01
63.52,53.50480651855469,2025-11-01
54.21,52.796199798583984,2025-11-02
51.56,52.796199798583984,2025-11-02
51.77,54.89419174194336,2025-11-02
52.95,54.89419174194336,2025-11-02
55.5,54.89419174194336,2025-11-02
54.16,54.89419174194336,2025-11-02
56.68,54.89419174194336,2025-11-02
60.99,54.89419174194336,2025-11-02
61.56,54.89419174194336,2025-11-02
63.41,55.66575241088867,2025-11-02
62.54,55.66575241088867,2025-11-02
62.06,55.66575241088867,2025-11-02
62.73,55.66575241088867,2025-11-02
63.99,55.66575241088867,2025-11-02
65.06,55.66575241088867,2025-11-02
66.09,54.89419174194336,2025-11-02
66.83,54.89419174194336,2025-11-02
68.88,54.89419174194336,2025-11-02
67.72,54.89419174194336,2025-11-02
67.66,54.89419174194336,2025-11-02
66.91,54.89419174194336,2025-11-02
65.93,54.89419174194336,2025-11-02
64.14,54.89419174194336,2025-11-02
61.64,52.796199798583984,2025-11-02
64.13,53.24189758300781,2025-11-03
62.39,53.24189758300781,2025-11-03
55.84,52.796199798583984,2025-11-03
52.17,53.24189758300781,2025-11-03
52.26,53.24189758300781,2025-11-03
56.34,53.24189758300781,2025-11-03
62.74,53.24189758300781,2025-11-03
64.34,53.24189758300781,2025-11-03
65.9,53.24189758300781,2025-11-03
66.08,53.24189758300781,2025-11-03
66.06,52.796199798583984,2025-11-03
65.3,52.796199798583984,2025-11-03
64.28,52.796199798583984,2025-11-03
64.46,52.796199798583984,2025-11-03
64.75,52.796199798583984,2025-11-03
66.17,52.796199798583984,2025-11-03
66.06,52.796199798583984,2025-11-03
70.42,52.796199798583984,2025-11-03
69.34,52.796199798583984,2025-11-03
65.34,52.796199798583984,2025-11-03
61.91,52.796199798583984,2025-11-03
58.7,52.796199798583984,2025-11-03
48.71,52.796199798583984,2025-11-03
28.22,52.796199798583984,2025-11-03
8.46,52.796199798583984,2025-11-04
7.04,52.796199798583984,2025-11-04
4.78,52.796199798583984,2025-11-04
5.5,52.39393615722656,2025-11-04
5.38,52.39393615722656,2025-11-04
8.74,52.39393615722656,2025-11-04
38.94,52.39393615722656,2025-11-04
48.47,52.39393615722656,2025-11-04
55.84,52.39393615722656,2025-11-04
57.98,52.39393615722656,2025-11-04
56.69,52.39393615722656,2025-11-04
52.01,52.39393615722656,2025-11-04
50.45,52.39393615722656,2025-11-04
58.64,52.39393615722656,2025-11-04
61.87,52.39393615722656,2025-11-04
64.35,52.796199798583984,2025-11-04
65.0,52.796199798583984,2025-11-04
66.54,52.796199798583984,2025-11-04
65.89,52.796199798583984,2025-11-04
65.69,52.796199798583984,2025-11-04
65.44,52.796199798583984,2025-11-04
65.18,52.796199798583984,2025-11-04
65.33,52.796199798583984,2025-11-04
64.84,52.796199798583984,2025-11-04
65.59,52.796199798583984,2025-11-05
64.13,52.796199798583984,2025-11-05
62.62,52.796199798583984,2025-11-05
62.98,52.796199798583984,2025-11-05
61.81,52.796199798583984,2025-11-05
63.98,52.796199798583984,2025-11-05
65.88,52.796199798583984,2025-11-05
64.47,52.796199798583984,2025-11-05
65.03,53.24189758300781,2025-11-05
65.2,53.581459045410156,2025-11-05
60.69,53.581459045410156,2025-11-05
58.86,53.24189758300781,2025-11-05
60.91,53.24189758300781,2025-11-05
65.95,53.581459045410156,2025-11-05
66.61,53.581459045410156,2025-11-05
66.86,53.581459045410156,2025-11-05
68.0,53.581459045410156,2025-11-05
73.77,53.581459045410156,2025-11-05
70.54,53.581459045410156,2025-11-05
69.35,53.581459045410156,2025-11-05
67.99,53.581459045410156,2025-11-05
67.14,53.581459045410156,2025-11-05
67.7,53.581459045410156,2025-11-05
67.31,53.581459045410156,2025-11-05
69.58,53.24189758300781,2025-11-06
69.12,53.24189758300781,2025-11-06
67.96,53.24189758300781,2025-11-06
67.98,53.24189758300781,2025-11-06
68.01,53.24189758300781,2025-11-06
68.24,53.581459045410156,2025-11-06
69.39,53.24189758300781,2025-11-06
68.54,53.581459045410156,2025-11-06
69.1,53.581459045410156,2025-11-06
69.42,53.581459045410156,2025-11-06
68.63,53.581459045410156,2025-11-06
68.25,53.581459045410156,2025-11-06
68.19,53.581459045410156,2025-11-06
69.06,53.581459045410156,2025-11-06
69.4,53.581459045410156,2025-11-06
69.18,53.581459045410156,2025-11-06
70.14,53.581459045410156,2025-11-06
75.42,53.581459045410156,2025-11-06
75.55,53.581459045410156,2025-11-06
73.22,53.581459045410156,2025-11-06
72.74,53.581459045410156,2025-11-06
71.13,53.581459045410156,2025-11-06
69.78,53.581459045410156,2025-11-06
69.3,53.581459045410156,2025-11-06
67.85,53.581459045410156,2025-11-07
67.48,53.581459045410156,2025-11-07
67.28,53.581459045410156,2025-11-07
67.11,53.581459045410156,2025-11-07
67.07,53.581459045410156,2025-11-07
67.16,53.581459045410156,2025-11-07
68.58,53.581459045410156,2025-11-07
69.88,53.581459045410156,2025-11-07
70.1,53.581459045410156,2025-11-07
69.75,53.581459045410156,2025-11-07
70.54,53.581459045410156,2025-11-07
70.46,53.581459045410156,2025-11-07
70.32,53.581459045410156,2025-11-07
70.1,53.581459045410156,2025-11-07
71.0,53.581459045410156,2025-11-07
71.73,53.581459045410156,2025-11-07
72.22,53.581459045410156,2025-11-07
75.3,53.581459045410156,2025-11-07
74.47,53.581459045410156,2025-11-07
72.37,53.581459045410156,2025-11-07
71.62,53.581459045410156,2025-11-07
71.13,53.581459045410156,2025-11-07
70.04,53.581459045410156,2025-11-07
69.06,53.581459045410156,2025-11-07
66.54,53.581459045410156,2025-11-08
65.85,53.581459045410156,2025-11-08
65.6,53.581459045410156,2025-11-08
64.86,53.581459045410156,2025-11-08
64.76,53.581459045410156,2025-11-08
64.81,53.581459045410156,2025-11-08
66.17,53.581459045410156,2025-11-08
65.77,53.581459045410156,2025-11-08
66.6,53.581459045410156,2025-11-08
67.93,53.581459045410156,2025-11-08
68.48,53.581459045410156,2025-11-08
68.69,53.581459045410156,2025-11-08
67.95,53.581459045410156,2025-11-08
67.57,53.581459045410156,2025-11-08
68.32,53.581459045410156,2025-11-08
68.4,53.581459045410156,2025-11-08
72.41,53.581459045410156,2025-11-08
74.36,53.581459045410156,2025-11-08
73.16,53.581459045410156,2025-11-08
71.89,53.581459045410156,2025-11-08
70.8,53.581459045410156,2025-11-08
68.86,53.581459045410156,2025-11-08
68.92,53.581459045410156,2025-11-08
67.18,53.581459045410156,2025-11-08
67.14,53.12157440185547,2025-11-09
66.56,53.12157440185547,2025-11-09
65.38,53.12157440185547,2025-11-09
65.09,53.12157440185547,2025-11-09
65.1,53.12157440185547,2025-11-09
65.22,53.12157440185547,2025-11-09
65.55,53.12157440185547,2025-11-09
65.77,53.12157440185547,2025-11-09
65.82,53.12157440185547,2025-11-09
67.72,53.52208709716797,2025-11-09
68.95,53.52208709716797,2025-11-09
68.86,53.52208709716797,2025-11-09
68.85,53.52208709716797,2025-11-09
68.81,53.52208709716797,2025-11-09
68.69,53.52208709716797,2025-11-09
68.69,53.52208709716797,2025-11-09
70.1,53.52208709716797,2025-11-09
76.44,53.52208709716797,2025-11-09
76.06,53.12157440185547,2025-11-09
70.52,53.12157440185547,2025-11-09
69.69,53.12157440185547,2025-11-09
68.6,53.12157440185547,2025-11-09
68.31,53.12157440185547,2025-11-09
67.21,53.12157440185547,2025-11-09
67.27,53.12157440185547,2025-11-10
66.63,53.12157440185547,2025-11-10
66.52,53.12157440185547,2025-11-10
66.14,53.12157440185547,2025-11-10
65.55,53.12157440185547,2025-11-10
65.7,53.12157440185547,2025-11-10
65.85,53.12157440185547,2025-11-10
67.65,53.12157440185547,2025-11-10
70.17,53.12157440185547,2025-11-10
69.81,53.52208709716797,2025-11-10
70.06,53.52208709716797,2025-11-10
72.17,53.52208709716797,2025-11-10
72.35,53.52208709716797,2025-11-10
72.68,53.52208709716797,2025-11-10
73.91,52.98686599731445,2025-11-10
73.77,52.98686599731445,2025-11-10
77.94,52.98686599731445,2025-11-10
92.98,52.98686599731445,2025-11-10
88.57,52.708290100097656,2025-11-10
70.34,52.708290100097656,2025-11-10
70.7,52.796199798583984,2025-11-10
69.92,52.796199798583984,2025-11-10
66.95,52.796199798583984,2025-11-10
64.88,52.796199798583984,2025-11-10
65.24,52.796199798583984,2025-11-11
64.8,52.796199798583984,2025-11-11
64.75,52.796199798583984,2025-11-11
64.51,52.796199798583984,2025-11-11
64.32,52.796199798583984,2025-11-11
64.74,52.796199798583984,2025-11-11
65.52,52.796199798583984,2025-11-11
64.87,52.796199798583984,2025-11-11
66.49,52.796199798583984,2025-11-11
66.58,52.796199798583984,2025-11-11
65.11,52.796199798583984,2025-11-11
64.82,52.796199798583984,2025-11-11
64.75,52.796199798583984,2025-11-11
64.88,52.796199798583984,2025-11-11
67.4,52.796199798583984,2025-11-11
68.76,52.796199798583984,2025-11-11
78.36,52.98686599731445,2025-11-11
84.56,52.796199798583984,2025-11-11
82.39,52.796199798583984,2025-11-11
72.17,52.796199798583984,2025-11-11
68.58,52.708290100097656,2025-11-11
66.0,52.708290100097656,2025-11-11
63.98,52.796199798583984,2025-11-11
59.23,52.796199798583984,2025-11-11
59.0,54.24747085571289,2025-11-12
56.42,52.50577926635742,2025-11-12
53.66,52.50577926635742,2025-11-12
49.85,52.50577926635742,2025-11-12
45.04,52.50577926635742,2025-11-12
47.24,51.82781982421875,2025-11-12
51.28,51.82781982421875,2025-11-12
53.3,51.82781982421875,2025-11-12
54.54,51.82781982421875,2025-11-12
51.52,51.82781982421875,2025-11-12
52.49,52.50577926635742,2025-11-12
50.84,52.50577926635742,2025-11-12
50.47,52.50577926635742,2025-11-12
51.44,52.50577926635742,2025-11-12
56.2,52.50577926635742,2025-11-12
56.46,52.50577926635742,2025-11-12
59.32,52.50577926635742,2025-11-12
64.28,52.50577926635742,2025-11-12
64.31,52.50577926635742,2025-11-12
64.12,52.50577926635742,2025-11-12
63.72,52.50577926635742,2025-11-12
61.08,52.50577926635742,2025-11-12
60.29,52.50577926635742,2025-11-12
53.11,52.50577926635742,2025-11-12
32.61,52.796199798583984,2025-11-13
19.48,52.796199798583984,2025-11-13
11.55,52.796199798583984,2025-11-13
7.63,52.796199798583984,2025-11-13
5.94,52.796199798583984,2025-11-13
25.02,52.796199798583984,2025-11-13
44.88,52.708290100097656,2025-11-13
57.18,52.708290100097656,2025-11-13
60.1,52.708290100097656,2025-11-13
55.55,52.98686599731445,2025-11-13
51.64,53.52208709716797,2025-11-13
48.8,53.52208709716797,2025-11-13
51.56,53.52208709716797,2025-11-13
59.9,52.98686599731445,2025-11-13
63.4,52.98686599731445,2025-11-13
66.24,52.796199798583984,2025-11-13
68.8,52.796199798583984,2025-11-13
72.22,52.796199798583984,2025-11-13
75.25,52.708290100097656,2025-11-13
72.3,53.12157440185547,2025-11-13
71.66,53.12157440185547,2025-11-13
70.4,53.12157440185547,2025-11-13
69.12,53.12157440185547,2025-11-13
67.54,53.12157440185547,2025-11-13
67.91,53.12157440185547,2025-11-14
70.14,53.12157440185547,2025-11-14
67.9,53.12157440185547,2025-11-14
66.74,53.12157440185547,2025-11-14
65.37,53.12157440185547,2025-11-14
66.07,53.12157440185547,2025-11-14
69.66,53.12157440185547,2025-11-14
77.24,53.12157440185547,2025-11-14
83.02,52.708290100097656,2025-11-14
83.01,52.98686599731445,2025-11-14
80.17,52.98686599731445,2025-11-14
77.92,52.98686599731445,2025-11-14
76.85,52.98686599731445,2025-11-14
76.5,52.98686599731445,2025-11-14
77.69,52.98686599731445,2025-11-14
78.0,52.98686599731445,2025-11-14
77.62,52.98686599731445,2025-11-14
82.2,52.98686599731445,2025-11-14
78.87,52.708290100097656,2025-11-14
76.17,53.12157440185547,2025-11-14
72.68,53.12157440185547,2025-11-14
69.38,53.12157440185547,2025-11-14
66.18,53.12157440185547,2025-11-14
61.64,52.708290100097656,2025-11-14
63.4,53.12157440185547,2025-11-15
61.39,53.12157440185547,2025-11-15
59.08,53.12157440185547,2025-11-15
58.33,53.12157440185547,2025-11-15
58.1,53.12157440185547,2025-11-15
57.54,53.12157440185547,2025-11-15
60.65,53.12157440185547,2025-11-15
66.47,53.12157440185547,2025-11-15
70.74,53.12157440185547,2025-11-15
76.97,53.52208709716797,2025-11-15
79.13,53.52208709716797,2025-11-15
79.89,53.52208709716797,2025-11-15
79.35,53.52208709716797,2025-11-15
80.96,53.52208709716797,2025-11-15
81.07,53.52208709716797,2025-11-15
81.26,53.52208709716797,2025-11-15
84.29,53.52208709716797,2025-11-15
86.86,52.98686599731445,2025-11-15
84.94,52.708290100097656,2025-11-15
81.09,52.708290100097656,2025-11-15
78.6,52.708290100097656,2025-11-15
75.31,52.708290100097656,2025-11-15
71.59,52.708290100097656,2025-11-15
70.65,52.708290100097656,2025-11-15
74.53,52.796199798583984,2025-11-16
72.69,52.796199798583984,2025-11-16
70.83,52.796199798583984,2025-11-16
70.79,52.796199798583984,2025-11-16
70.64,52.796199798583984,2025-11-16
70.52,52.796199798583984,2025-11-16
70.83,52.796199798583984,2025-11-16
71.97,52.796199798583984,2025-11-16
77.8,52.796199798583984,2025-11-16
78.79,52.796199798583984,2025-11-16
80.35,52.796199798583984,2025-11-16
81.25,52.796199798583984,2025-11-16
81.38,52.796199798583984,2025-11-16
80.76,52.796199798583984,2025-11-16
81.23,52.796199798583984,2025-11-16
81.76,52.796199798583984,2025-11-16
87.64,52.796199798583984,2025-11-16
95.72,52.796199798583984,2025-11-16
93.64,52.796199798583984,2025-11-16
92.2,52.796199798583984,2025-11-16
85.78,52.796199798583984,2025-11-16
79.1,52.796199798583984,2025-11-16
74.18,52.796199798583984,2025-11-16
69.14,52.796199798583984,2025-11-16
69.03,52.796199798583984,2025-11-17
67.11,52.796199798583984,2025-11-17
65.03,52.796199798583984,2025-11-17
60.58,52.39393615722656,2025-11-17
59.88,52.39393615722656,2025-11-17
64.2,52.796199798583984,2025-11-17
71.82,52.796199798583984,2025-11-17
89.86,52.796199798583984,2025-11-17
102.03,52.796199798583984,2025-11-17
100.63,52.796199798583984,2025-11-17
94.01,52.796199798583984,2025-11-17
81.86,52.796199798583984,2025-11-17
74.96,52.796199798583984,2025-11-17
75.55,52.796199798583984,2025-11-17
84.34,52.796199798583984,2025-11-17
88.88,52.796199798583984,2025-11-17
89.5,52.796199798583984,2025-11-17
113.71,52.796199798583984,2025-11-17
112.88,52.796199798583984,2025-11-17
107.27,52.796199798583984,2025-11-17
99.7,52.796199798583984,2025-11-17
89.82,52.796199798583984,2025-11-17
85.29,52.796199798583984,2025-11-17
78.67,52.796199798583984,2025-11-17
82.3,51.85567855834961,2025-11-18
80.22,51.85567855834961,2025-11-18
76.75,51.85567855834961,2025-11-18
75.46,51.85567855834961,2025-11-18
78.07,51.85567855834961,2025-11-18
81.29,51.85567855834961,2025-11-18
88.32,51.85567855834961,2025-11-18
101.65,51.85567855834961,2025-11-18
116.36,51.85567855834961,2025-11-18
105.18,53.32870864868164,2025-11-18
89.41,53.32870864868164,2025-11-18
86.62,53.32870864868164,2025-11-18
86.63,53.32870864868164,2025-11-18
88.04,53.32870864868164,2025-11-18
93.87,53.32870864868164,2025-11-18
117.12,53.52208709716797,2025-11-18
137.95,53.52208709716797,2025-11-18
147.32,53.52208709716797,2025-11-18
139.62,53.12157440185547,2025-11-18
127.45,53.12157440185547,2025-11-18
103.92,53.12157440185547,2025-11-18
91.96,53.12157440185547,2025-11-18
94.66,53.12157440185547,2025-11-18
87.39,53.12157440185547,2025-11-18
84.19,53.12157440185547,2025-11-19
83.15,53.32870864868164,2025-11-19
81.65,53.32870864868164,2025-11-19
80.49,53.32870864868164,2025-11-19
81.72,53.32870864868164,2025-11-19
83.36,53.32870864868164,2025-11-19
95.74,53.32870864868164,2025-11-19
123.06,53.32870864868164,2025-11-19
133.21,53.32870864868164,2025-11-19
112.07,53.32870864868164,2025-11-19
95.47,53.52208709716797,2025-11-19
89.46,53.52208709716797,2025-11-19
87.88,53.52208709716797,2025-11-19
90.96,53.52208709716797,2025-11-19
101.54,53.52208709716797,2025-11-19
111.14,53.52208709716797,2025-11-19
115.0,53.52208709716797,2025-11-19
124.69,53.52208709716797,2025-11-19
115.84,53.12157440185547,2025-11-19
115.51,53.12157440185547,2025-11-19
102.82,53.12157440185547,2025-11-19
97.32,53.12157440185547,2025-11-19
96.24,53.12157440185547,2025-11-19
89.22,53.32870864868164,2025-11-19
90.83,53.88616180419922,2025-11-20
85.14,53.88616180419922,2025-11-20
84.47,53.88616180419922,2025-11-20
84.28,53.88616180419922,2025-11-20
84.42,53.88616180419922,2025-11-20
87.3,53.88616180419922,2025-11-20
100.27,53.88616180419922,2025-11-20
139.92,53.88616180419922,2025-11-20
150.85,53.88616180419922,2025-11-20
148.86,53.88616180419922,2025-11-20
136.85,53.88616180419922,2025-11-20
125.25,53.88616180419922,2025-11-20
121.13,53.88616180419922,2025-11-20
120.33,53.88616180419922,2025-11-20
127.58,54.22140121459961,2025-11-20
145.03,54.22140121459961,2025-11-20
168.38,54.22140121459961,2025-11-20
169.98,53.88616180419922,2025-11-20
158.27,53.88616180419922,2025-11-20
151.26,53.88616180419922,2025-11-20
132.56,53.88616180419922,2025-11-20
115.4,53.88616180419922,2025-11-20
104.35,53.88616180419922,2025-11-20
90.86,54.22140121459961,2025-11-20
95.73,54.22140121459961,2025-11-21
90.86,54.22140121459961,2025-11-21
86.92,54.22140121459961,2025-11-21
86.32,54.22140121459961,2025-11-21
88.36,54.22140121459961,2025-11-21
96.01,54.22140121459961,2025-11-21
123.96,54.22140121459961,2025-11-21
176.08,54.22140121459961,2025-11-21
199.43,54.22140121459961,2025-11-21
177.6,54.22140121459961,2025-11-21
145.6,54.22140121459961,2025-11-21
133.74,54.22140121459961,2025-11-21
126.67,54.22140121459961,2025-11-21
131.67,54.22140121459961,2025-11-21
149.3,54.22140121459961,2025-11-21
190.73,54.22140121459961,2025-11-21
243.81,54.22140121459961,2025-11-21
244.3,54.22140121459961,2025-11-21
196.92,54.22140121459961,2025-11-21
164.75,53.88616180419922,2025-11-21
135.05,53.88616180419922,2025-11-21
100.85,53.88616180419922,2025-11-21
99.64,53.88616180419922,2025-11-21
90.26,53.88616180419922,2025-11-21
93.06,53.18669891357422,2025-11-22
91.29,53.18669891357422,2025-11-22
85.34,53.18669891357422,2025-11-22
82.11,53.18669891357422,2025-11-22
78.72,53.18669891357422,2025-11-22
75.78,53.18669891357422,2025-11-22
76.82,53.18669891357422,2025-11-22
80.72,53.18669891357422,2025-11-22
82.16,53.18669891357422,2025-11-22
80.22,53.18669891357422,2025-11-22
78.1,53.18669891357422,2025-11-22
76.1,53.18669891357422,2025-11-22
73.87,53.18669891357422,2025-11-22
73.25,53.233131408691406,2025-11-22
76.62,53.233131408691406,2025-11-22
78.99,53.18669891357422,2025-11-22
82.73,53.18669891357422,2025-11-22
85.49,53.18669891357422,2025-11-22
81.71,53.18669891357422,2025-11-22
77.12,53.18669891357422,2025-11-22
74.17,53.18669891357422,2025-11-22
72.53,53.18669891357422,2025-11-22
71.24,53.88616180419922,2025-11-22
69.93,53.88616180419922,2025-11-22
69.01,54.22140121459961,2025-11-23
69.15,54.22140121459961,2025-11-23
67.28,54.22140121459961,2025-11-23
62.31,54.22140121459961,2025-11-23
59.26,54.22140121459961,2025-11-23
61.65,54.22140121459961,2025-11-23
60.28,54.22140121459961,2025-11-23
63.61,54.22140121459961,2025-11-23
64.91,54.22140121459961,2025-11-23
64.5,54.22140121459961,2025-11-23
66.33,54.22140121459961,2025-11-23
67.03,54.22140121459961,2025-11-23
67.93,54.22140121459961,2025-11-23
66.41,53.32870864868164,2025-11-23
69.49,53.32870864868164,2025-11-23
77.29,53.18669891357422,2025-11-23
77.89,53.18669891357422,2025-11-23
80.84,53.18669891357422,2025-11-23
82.54,53.18669891357422,2025-11-23
83.74,53.18669891357422,2025-11-23
77.85,53.18669891357422,2025-11-23
73.86,53.18669891357422,2025-11-23
73.23,53.18669891357422,2025-11-23
69.31,53.18669891357422,2025-11-23
67.6,53.50480651855469,2025-11-24
67.89,53.50480651855469,2025-11-24
68.64,54.24747085571289,2025-11-24
69.22,54.24747085571289,2025-11-24
69.23,54.24747085571289,2025-11-24
75.55,54.24747085571289,2025-11-24
83.99,54.24747085571289,2025-11-24
90.17,54.24747085571289,2025-11-24
93.25,54.24747085571289,2025-11-24
94.96,54.24747085571289,2025-11-24
109.12,54.24747085571289,2025-11-24
124.01,53.50480651855469,2025-11-24
121.09,53.50480651855469,2025-11-24
98.05,53.50480651855469,2025-11-24
94.31,53.50480651855469,2025-11-24
133.02,53.50480651855469,2025-11-24
203.78,53.50480651855469,2025-11-24
222.5,53.50480651855469,2025-11-24
104.42,53.50480651855469,2025-11-24
99.42,53.50480651855469,2025-11-24
97.78,53.50480651855469,2025-11-24
96.96,53.50480651855469,2025-11-24
93.84,53.50480651855469,2025-11-24
87.78,53.50480651855469,2025-11-24
81.56,53.50480651855469,2025-11-25
77.81,53.50480651855469,2025-11-25
76.51,53.50480651855469,2025-11-25
74.4,53.32870864868164,2025-11-25
75.63,53.32870864868164,2025-11-25
79.64,53.32870864868164,2025-11-25
94.01,53.32870864868164,2025-11-25
220.6,53.32870864868164,2025-11-25
268.5,53.32870864868164,2025-11-25
247.35,53.32870864868164,2025-11-25
219.76,53.32870864868164,2025-11-25
254.03,53.32870864868164,2025-11-25
271.47,53.52208709716797,2025-11-25
246.32,53.52208709716797,2025-11-25
234.08,53.52208709716797,2025-11-25
238.46,53.52208709716797,2025-11-25
298.75,53.52208709716797,2025-11-25
298.09,53.12157440185547,2025-11-25
237.99,53.12157440185547,2025-11-25
200.17,53.12157440185547,2025-11-25
139.29,53.12157440185547,2025-11-25
111.5,53.12157440185547,2025-11-25
98.55,53.12157440185547,2025-11-25
89.86,53.12157440185547,2025-11-25
83.7,53.12157440185547,2025-11-26
80.96,53.12157440185547,2025-11-26
80.08,53.12157440185547,2025-11-26
77.05,53.12157440185547,2025-11-26
75.78,53.12157440185547,2025-11-26
78.42,53.12157440185547,2025-11-26
102.77,53.12157440185547,2025-11-26
138.42,53.12157440185547,2025-11-26
207.88,53.12157440185547,2025-11-26
185.5,53.52208709716797,2025-11-26
171.33,53.52208709716797,2025-11-26
145.78,53.52208709716797,2025-11-26
141.23,53.52208709716797,2025-11-26
144.94,53.52208709716797,2025-11-26
159.39,53.52208709716797,2025-11-26
193.31,53.52208709716797,2025-11-26
254.79,53.52208709716797,2025-11-26
254.68,53.32870864868164,2025-11-26
197.43,53.32870864868164,2025-11-26
158.23,53.50480651855469,2025-11-26
121.77,54.24747085571289,2025-11-26
99.64,54.24747085571289,2025-11-26
88.25,52.50577926635742,2025-11-26
78.74,52.50577926635742,2025-11-26
77.72,52.50577926635742,2025-11-27
75.13,52.50577926635742,2025-11-27
73.54,52.50577926635742,2025-11-27
70.23,52.50577926635742,2025-11-27
65.22,52.50577926635742,2025-11-27
65.53,52.50577926635742,2025-11-27
71.08,52.50577926635742,2025-11-27
78.51,52.50577926635742,2025-11-27
81.68,52.50577926635742,2025-11-27
76.73,54.24747085571289,2025-11-27
74.48,54.24747085571289,2025-11-27
73.54,53.50480651855469,2025-11-27
73.01,53.50480651855469,2025-11-27
71.71,53.50480651855469,2025-11-27
70.15,53.50480651855469,2025-11-27
69.66,53.50480651855469,2025-11-27
72.64,53.50480651855469,2025-11-27
74.06,53.50480651855469,2025-11-27
72.12,53.50480651855469,2025-11-27
69.62,53.50480651855469,2025-11-27
65.18,54.24747085571289,2025-11-27
64.23,52.50577926635742,2025-11-27
62.24,52.50577926635742,2025-11-27
55.8,52.50577926635742,2025-11-27
55.98,52.39393615722656,2025-11-28
49.16,52.39393615722656,2025-11-28
50.47,52.39393615722656,2025-11-28
46.36,52.39393615722656,2025-11-28
50.96,52.39393615722656,2025-11-28
52.91,52.39393615722656,2025-11-28
